,fixed acidity,volatile acidity,citric acid,residual sugar,chlorides,free sulfur dioxide,total sulfur dioxide,density,pH,sulphates,alcohol,real quality,predicted quality
0,7.3,0.2,0.29,19.5,0.039,69.0,237.0,1.00037,3.1,0.48,9.2,3,3
1,6.6,0.33,0.24,16.05,0.045,31.0,147.0,0.9982200000000001,3.08,0.52,9.2,2,2
2,5.9,0.18,0.29,4.6,0.032,68.0,137.0,0.99159,3.21,0.38,11.3,3,3
3,5.8,0.24,0.26,10.05,0.039,63.0,162.0,0.99375,3.33,0.5,11.2,3,3
4,7.2,0.23,0.33,12.7,0.049,50.0,183.0,0.9987,3.41,0.4,9.8,2,2
5,6.3,0.24,0.74,1.4,0.172,24.0,108.0,0.9932,3.27,0.39,9.9,3,3
6,5.9,0.4,0.32,6.0,0.034,50.0,127.0,0.992,3.51,0.58,12.5,4,4
7,8.2,0.61,0.45,5.4,0.03,15.0,118.0,0.9954,3.14,0.34,9.6,2,1
8,6.7,0.5,0.63,13.4,0.078,81.0,238.0,0.9988,3.08,0.44,9.2,2,2
9,5.2,0.44,0.04,1.4,0.036000000000000004,43.0,119.0,0.9894,3.36,0.33,12.1,5,3
10,6.8,0.22,0.35,17.5,0.039,38.0,153.0,0.9994,3.24,0.42,9.0,3,2
11,6.6,0.3,0.3,4.8,0.17,60.0,166.0,0.9946,3.18,0.47,9.4,2,2
12,8.3,0.18,0.3,1.1,0.033,20.0,57.0,0.9910899999999999,3.02,0.51,11.0,3,3
13,6.4,0.18,0.32,9.6,0.052000000000000005,24.0,90.0,0.9963,3.35,0.49,9.4,3,3
14,7.9,0.16,0.3,4.8,0.037000000000000005,37.0,171.0,0.9967,3.47,0.44,9.0,1,3
15,7.3,0.23,0.41,14.6,0.048,73.0,223.0,0.9986299999999999,3.16,0.71,9.4,3,3
16,6.9,0.48,0.36,3.5,0.03,31.0,135.0,0.9904,3.14,0.38,12.2,4,4
17,7.4,0.25,0.36,13.2,0.067,53.0,178.0,0.9976,3.01,0.48,9.0,3,3
18,7.8,0.3,0.74,1.8,0.033,33.0,156.0,0.991,3.29,0.52,12.8,3,3
19,7.6,0.29,0.58,17.5,0.040999999999999995,51.0,225.0,0.9997,3.16,0.66,9.5,3,2
20,6.8,0.15,0.41,12.9,0.044000000000000004,79.5,183.0,0.9974200000000001,3.24,0.78,10.2,3,3
21,7.0,0.24,0.25,1.7,0.042,48.0,189.0,0.992,3.25,0.42,11.4,3,3
22,6.5,0.32,0.45,7.7,0.022000000000000002,31.0,97.0,0.99134,3.2,0.7,12.7,4,4
23,6.6,0.24,0.33,10.1,0.032,8.0,81.0,0.99626,3.19,0.51,9.8,3,2
24,7.2,0.27,0.27,2.4,0.048,30.0,149.0,0.9936,3.1,0.51,9.2,3,3
25,9.0,0.27,0.35,4.9,0.027999999999999997,27.0,95.0,0.9932,3.04,0.4,11.3,3,3
26,7.2,0.14,0.35,1.2,0.036000000000000004,15.0,73.0,0.9938,3.46,0.39,9.9,2,3
27,7.0,0.24,0.35,1.0,0.032,42.0,104.0,0.98988,3.16,0.37,11.7,4,3
28,7.0,0.31,0.26,7.4,0.069,28.0,160.0,0.9954,3.13,0.46,9.8,3,3
29,5.8,0.2,0.3,1.5,0.031,21.0,57.0,0.99115,3.44,0.55,11.0,3,3
30,6.5,0.27,0.26,11.0,0.03,2.0,82.0,0.9940200000000001,3.07,0.36,11.2,2,3
31,7.6,0.22,0.34,9.7,0.035,26.0,143.0,0.9965,3.08,0.49,9.8,3,3
32,5.8,0.28,0.35,2.3,0.053,36.0,114.0,0.9924,3.28,0.5,10.2,1,3
33,6.7,0.16,0.32,12.5,0.035,18.0,156.0,0.99666,2.88,0.36,9.0,3,3
34,7.0,0.32,0.29,7.6,0.025,35.0,124.0,0.9916200000000001,3.15,0.65,12.8,4,4
35,8.8,0.36,0.44,1.9,0.04,9.0,121.0,0.9953,3.19,0.48,9.9,3,1
36,6.2,0.27,0.47,1.2,0.146,28.0,105.0,0.99224,3.23,0.51,10.1,2,3
37,5.8,0.22,0.29,0.9,0.034,34.0,89.0,0.98936,3.14,0.36,11.1,4,3
38,6.2,0.29,0.26,13.1,0.046,55.0,204.0,0.99745,3.16,0.41,9.6,3,2
39,7.8,0.27,0.35,1.2,0.05,36.0,140.0,0.9913799999999999,3.09,0.45,11.2,2,2
40,7.1,0.17,0.31,1.6,0.037000000000000005,15.0,103.0,0.991,3.14,0.5,12.0,3,3
41,6.0,0.28,0.29,19.3,0.051,36.0,174.0,0.99911,3.14,0.5,9.0,2,2
42,6.3,0.495,0.22,1.8,0.046,31.0,140.0,0.9929,3.39,0.54,10.4,3,3
43,7.3,0.19,0.24,6.3,0.054000000000000006,34.0,231.0,0.9964,3.36,0.54,10.0,3,3
44,7.0,0.17,0.36,6.4,0.055,42.0,123.0,0.99318,3.11,0.5,11.0,5,3
45,6.8,0.37,0.47,11.2,0.071,44.0,136.0,0.9968,2.98,0.88,9.2,2,2
46,6.0,0.495,0.27,5.0,0.157,17.0,129.0,0.9939600000000001,3.03,0.36,9.3,2,2
47,7.6,0.4,0.27,5.2,0.03,32.0,101.0,0.99172,3.22,0.62,12.3,4,4
48,6.1,0.22,0.31,1.4,0.039,40.0,129.0,0.99193,3.45,0.59,10.9,2,4
49,7.1,0.25,0.32,10.3,0.040999999999999995,66.0,272.0,0.9969,3.17,0.52,9.1,3,3
50,7.6,0.2,0.3,14.2,0.055999999999999994,53.0,212.5,0.9990000000000001,3.14,0.46,8.9,5,4
51,8.5,0.3,0.28,3.1,0.054000000000000006,54.0,174.0,0.9954299999999999,3.21,0.43,9.4,3,3
52,7.6,0.3,0.27,10.6,0.039,31.0,119.0,0.99815,3.27,0.3,9.3,3,3
53,6.0,0.28,0.52,6.2,0.027999999999999997,37.0,104.0,0.99161,3.28,0.51,11.8,4,4
54,8.8,0.2,0.28,1.1,0.018000000000000002,18.0,72.0,0.9926,2.97,0.35,10.4,2,3
55,5.7,0.22,0.2,16.0,0.044000000000000004,41.0,113.0,0.9986200000000001,3.22,0.46,8.9,3,3
56,7.8,0.32,0.33,2.4,0.037000000000000005,18.0,101.0,0.9912,3.21,0.65,11.7,4,3
57,6.5,0.37,0.3,2.2,0.033,39.0,107.0,0.9889399999999999,3.22,0.53,13.5,4,4
58,7.3,0.36,0.54,13.3,0.054000000000000006,63.0,193.0,0.99864,3.06,0.49,8.6,1,2
59,8.1,0.28,0.46,15.4,0.059000000000000004,32.0,177.0,1.0004,3.27,0.58,9.0,1,2
60,7.0,0.29,0.33,0.9,0.040999999999999995,20.0,117.0,0.9904799999999999,3.21,0.5,11.4,2,3
61,6.3,0.21,0.4,1.7,0.031,48.0,134.0,0.9917,3.42,0.49,11.5,3,3
62,6.7,0.34,0.4,2.1,0.033,34.0,111.0,0.98924,2.97,0.48,12.2,4,3
63,8.0,0.13,0.25,1.1,0.033,15.0,86.0,0.99044,2.98,0.39,11.2,5,3
64,6.6,0.25,0.36,8.1,0.045,54.0,180.0,0.9958,3.08,0.42,9.2,2,2
65,5.6,0.3,0.1,6.4,0.043,34.0,142.0,0.99382,3.14,0.48,9.8,2,2
66,7.6,0.26,0.36,1.6,0.032,6.0,106.0,0.993,3.15,0.4,10.4,1,2
67,5.1,0.29,0.28,8.3,0.026000000000000002,27.0,107.0,0.99308,3.36,0.37,11.0,3,3
68,7.0,0.61,0.26,1.7,0.051,25.0,161.0,0.9946,3.36,0.6,10.6,1,2
69,7.4,0.32,0.55,16.6,0.055999999999999994,53.0,238.0,1.0017,2.96,0.58,8.7,3,2
70,7.5,0.28,0.78,12.1,0.040999999999999995,53.0,161.0,0.9983799999999999,2.98,0.44,8.7,2,2
71,9.4,0.29,0.55,2.2,0.05,17.0,119.0,0.9962,3.12,0.69,10.3,1,2
72,5.8,0.36,0.26,3.3,0.038,40.0,153.0,0.9911,3.34,0.55,11.3,3,4
73,6.3,0.41,0.3,3.2,0.03,49.0,164.0,0.9927,3.53,0.79,11.7,4,4
74,6.6,0.26,0.36,1.2,0.035,43.0,126.0,0.9909399999999999,3.01,0.63,11.4,3,3
75,6.3,0.27,0.49,1.2,0.063,35.0,92.0,0.9911,3.38,0.42,12.2,3,3
76,7.6,0.37,0.34,3.2,0.027999999999999997,42.0,162.0,0.9903,3.01,0.33,12.4,3,4
77,5.7,0.22,0.2,16.0,0.044000000000000004,41.0,113.0,0.9986200000000001,3.22,0.46,8.9,3,3
78,6.4,0.27,0.49,7.3,0.046,53.0,206.0,0.9956,3.24,0.43,9.2,3,2
79,7.0,0.25,0.29,15.2,0.047,40.0,171.0,0.9982,3.22,0.45,9.3,2,2
80,8.8,0.27,0.25,5.0,0.024,52.0,99.0,0.9925,2.87,0.49,11.4,2,3
81,8.0,0.34,0.49,9.0,0.033,39.0,180.0,0.9936,3.13,0.38,12.3,5,3
82,6.6,0.24,0.28,1.8,0.027999999999999997,39.0,132.0,0.99182,3.34,0.46,11.4,2,4
83,8.5,0.19,0.48,1.1,0.026000000000000002,23.0,58.0,0.9918399999999999,2.9,0.5,10.5,3,3
84,6.5,0.24,0.29,8.2,0.043,32.0,156.0,0.9945299999999999,3.13,0.7,10.1,3,4
85,6.3,0.29,0.29,3.3,0.037000000000000005,32.0,140.0,0.9895,3.17,0.36,12.8,4,4
86,6.0,0.28,0.24,17.8,0.047,42.0,111.0,0.9989600000000001,3.1,0.45,8.9,3,3
87,5.0,0.29,0.54,5.7,0.035,54.0,155.0,0.9897600000000001,3.27,0.34,12.9,5,3
88,7.5,0.27,0.36,7.0,0.036000000000000004,45.0,164.0,0.9939,3.03,0.33,11.0,2,3
89,6.6,0.22,0.23,17.3,0.047,37.0,118.0,0.9990600000000001,3.08,0.46,8.8,3,3
90,6.2,0.22,0.49,6.0,0.028999999999999998,31.0,128.0,0.9928,3.41,0.36,11.3,5,4
91,6.4,0.33,0.28,1.1,0.038,30.0,110.0,0.9917,3.12,0.42,10.5,3,3
92,5.0,0.3,0.33,3.7,0.03,54.0,173.0,0.9887,3.36,0.3,13.0,4,4
93,5.9,0.3,0.23,4.2,0.038,42.0,119.0,0.9924,3.15,0.5,11.0,2,3
94,7.8,0.4,0.49,7.8,0.06,34.0,162.0,0.9966,3.26,0.58,11.3,3,3
95,7.1,0.44,0.23,5.8,0.035,24.0,100.0,0.9906200000000001,3.15,0.57,13.2,4,4
96,6.7,0.16,0.37,1.3,0.036000000000000004,45.0,125.0,0.98964,3.19,0.51,12.4,4,4
97,6.1,0.36,0.58,15.0,0.044000000000000004,42.0,115.0,0.9978,3.15,0.51,9.0,2,3
98,6.2,0.24,0.22,7.9,0.053,45.0,149.0,0.99545,3.23,0.52,9.3,2,2
99,6.6,0.39,0.28,9.2,0.036000000000000004,10.0,92.0,0.99206,3.07,0.35,12.1,3,3
100,6.7,0.15,0.29,5.0,0.057999999999999996,28.0,105.0,0.9946,3.52,0.44,10.2,4,3
101,7.4,0.25,0.37,2.6,0.05,24.0,132.0,0.9913799999999999,3.04,0.53,11.2,3,3
102,6.8,0.27,0.29,4.6,0.046,6.0,88.0,0.9945799999999999,3.34,0.48,10.6,1,2
103,7.1,0.21,0.27,8.6,0.055999999999999994,26.0,111.0,0.9956,2.95,0.52,9.5,2,3
104,7.1,0.43,0.3,6.6,0.025,15.0,138.0,0.99126,3.18,0.46,12.6,3,4
105,7.3,0.22,0.4,14.75,0.042,44.5,129.5,0.9998,3.36,0.41,9.1,4,3
106,7.1,0.18,0.39,14.5,0.051,48.0,156.0,0.9994700000000001,3.35,0.78,9.1,2,3
107,6.8,0.45,0.28,26.05,0.031,27.0,122.0,1.00295,3.06,0.42,10.6,3,3
108,6.6,0.39,0.39,11.9,0.057,51.0,221.0,0.99851,3.26,0.51,8.9,3,2
109,7.3,0.28,0.54,12.9,0.049,62.0,152.0,0.9984,3.06,0.45,9.1,3,2
110,6.5,0.22,0.25,17.1,0.05,44.0,138.0,1.0001,3.3,0.37,8.8,2,2
111,6.7,0.44,0.22,4.3,0.032,19.0,99.0,0.99015,3.26,0.53,12.8,4,4
112,6.6,0.35,0.29,14.4,0.044000000000000004,54.0,177.0,0.9991,3.17,0.58,8.9,3,2
113,6.2,0.32,0.5,6.5,0.048,61.0,186.0,0.9948,3.19,0.45,9.6,2,2
114,8.2,0.26,0.44,1.3,0.046,7.0,69.0,0.9944,3.14,0.62,10.2,1,2
115,8.1,0.29,0.49,7.1,0.042,22.0,124.0,0.9944,3.14,0.41,10.8,3,3
116,6.9,0.43,0.28,9.4,0.055999999999999994,29.0,183.0,0.9959399999999999,3.17,0.43,9.4,2,2
117,7.9,0.21,0.39,2.0,0.057,21.0,138.0,0.9917600000000001,3.05,0.52,10.9,2,2
118,6.8,0.18,0.38,1.4,0.038,35.0,111.0,0.9918,3.32,0.59,11.2,4,3
119,6.0,0.26,0.24,1.3,0.053,66.0,150.0,0.9924,3.21,0.62,10.4,3,3
120,6.0,0.2,0.26,14.7,0.045,53.0,125.0,0.998365,2.99,0.69,9.4,3,3
121,6.5,0.22,0.45,8.0,0.053,52.0,196.0,0.9959,3.23,0.48,9.1,3,2
122,6.6,0.25,0.34,3.0,0.054000000000000006,22.0,141.0,0.9933799999999999,3.26,0.47,10.4,3,2
123,6.7,0.51,0.24,2.1,0.043,14.0,155.0,0.9904,3.22,0.6,13.0,3,4
124,5.4,0.595,0.1,2.8,0.042,26.0,80.0,0.9932,3.36,0.38,9.3,2,3
125,7.2,0.21,0.36,15.7,0.045,68.0,183.0,0.9992200000000001,3.25,0.76,9.4,2,2
126,7.5,0.42,0.34,4.3,0.04,34.0,108.0,0.99155,3.14,0.45,12.8,5,4
127,6.8,0.22,0.31,6.3,0.035,33.0,170.0,0.9918,3.24,0.66,12.6,3,4
128,6.8,0.39,0.35,11.6,0.044000000000000004,57.0,220.0,0.99775,3.07,0.53,9.3,2,2
129,6.7,0.35,0.32,9.0,0.032,29.0,113.0,0.9918799999999999,3.13,0.65,12.9,4,4
130,6.1,0.34,0.24,18.35,0.05,33.0,184.0,0.9994299999999999,3.12,0.61,9.3,2,2
131,7.1,0.25,0.3,2.4,0.042,25.0,122.0,0.9940000000000001,3.43,0.61,10.5,3,4
132,6.7,0.24,0.41,9.4,0.04,49.0,166.0,0.9954,3.12,0.61,9.9,3,3
133,6.9,0.26,0.27,4.2,0.031,20.0,80.0,0.9908899999999999,3.12,0.39,11.5,3,3
134,7.1,0.19,0.28,3.6,0.033,16.0,78.0,0.993,2.91,0.78,11.4,3,1
135,5.8,0.61,0.01,8.4,0.040999999999999995,31.0,104.0,0.9909,3.26,0.72,14.05,4,4
136,7.5,0.17,0.34,1.4,0.035,13.0,102.0,0.9918,3.05,0.74,11.0,2,2
137,6.4,0.41,0.01,6.1,0.048,20.0,70.0,0.9936200000000001,3.19,0.42,10.0,2,2
138,7.3,0.28,0.43,1.7,0.08,21.0,123.0,0.9905,3.19,0.42,12.8,2,3
139,7.1,0.37,0.67,10.5,0.045,49.0,155.0,0.9975,3.16,0.44,8.7,2,2
140,8.1,0.19,0.58,16.65,0.049,48.0,181.0,1.0006,3.2,0.62,9.1,3,3
141,7.9,0.34,0.44,6.5,0.027000000000000003,47.0,126.0,0.99124,2.96,0.37,12.5,3,3
142,7.8,0.39,0.26,9.9,0.059000000000000004,33.0,181.0,0.9955,3.04,0.42,10.9,3,3
143,8.4,0.27,0.3,2.2,0.037000000000000005,36.0,129.0,0.99085,2.89,0.3,11.466666666666699,3,3
144,6.5,0.23,0.45,2.1,0.027000000000000003,43.0,104.0,0.99054,3.02,0.52,11.3,3,3
145,7.6,0.31,0.27,5.8,0.036000000000000004,23.0,109.0,0.9939899999999999,3.34,0.54,11.0,3,4
146,4.7,0.785,0.0,3.4,0.036000000000000004,23.0,134.0,0.9898100000000001,3.53,0.92,13.8,3,3
147,8.1,0.45,0.34,8.3,0.037000000000000005,33.0,216.0,0.9976,3.31,0.64,9.7,2,3
148,7.2,0.23,0.38,14.3,0.057999999999999996,55.0,194.0,0.9979,3.09,0.44,9.0,3,3
149,5.9,0.25,0.19,12.4,0.047,50.0,162.0,0.9973,3.35,0.38,9.5,2,2
150,7.1,0.2,0.27,9.6,0.037000000000000005,19.0,105.0,0.99444,3.04,0.37,10.5,4,3
151,6.1,0.17,0.21,1.9,0.09,44.0,130.0,0.99255,3.07,0.41,9.7,2,3
152,7.0,0.25,0.45,2.3,0.045,40.0,118.0,0.99064,3.16,0.48,11.9,4,3
153,6.2,0.36,0.22,5.25,0.038,44.0,145.0,0.9918399999999999,3.22,0.4,11.2,3,3
154,7.3,0.19,0.27,13.9,0.057,45.0,155.0,0.9980700000000001,2.94,0.41,8.8,5,4
155,6.9,0.19,0.49,6.6,0.036000000000000004,49.0,172.0,0.9932,3.2,0.27,11.5,3,3
156,5.3,0.32,0.23,9.65,0.026000000000000002,26.0,119.0,0.9916799999999999,3.18,0.53,12.2,3,4
157,7.2,0.29,0.4,7.6,0.024,56.0,177.0,0.9928,3.04,0.32,11.5,3,3
158,6.9,0.24,0.36,20.8,0.031,40.0,139.0,0.9975,3.2,0.33,11.0,3,3
159,6.1,0.28,0.3,7.75,0.031,33.0,139.0,0.9929600000000001,3.22,0.46,11.0,3,4
160,7.0,0.18,0.49,5.3,0.04,34.0,125.0,0.9914,3.24,0.4,12.2,3,4
161,7.4,0.18,0.3,10.4,0.045,44.0,174.0,0.9966,3.11,0.57,9.7,3,3
162,7.5,0.27,0.36,7.0,0.036000000000000004,45.0,164.0,0.9939,3.03,0.33,11.0,2,3
163,8.9,0.33,0.34,1.4,0.055999999999999994,14.0,171.0,0.9946,3.13,0.47,9.7,2,2
164,5.7,0.4,0.35,5.1,0.026000000000000002,17.0,113.0,0.9905200000000001,3.18,0.67,12.4,3,3
165,7.0,0.29,0.49,3.8,0.047,37.0,136.0,0.9938,2.95,0.4,9.4,3,2
166,7.4,0.28,0.4,11.9,0.032,13.0,92.0,0.99629,3.01,0.46,10.8,1,2
167,7.2,0.31,0.26,7.3,0.05,37.0,157.0,0.99625,3.09,0.43,9.0,2,2
168,6.5,0.46,0.31,5.0,0.027000000000000003,15.0,72.0,0.99165,3.26,0.6,11.5,4,4
169,6.6,0.38,0.36,9.2,0.061,42.0,214.0,0.9976,3.31,0.56,9.4,2,3
170,6.2,0.23,0.38,1.6,0.044000000000000004,12.0,113.0,0.9917600000000001,3.3,0.73,11.4,2,3
171,6.8,0.23,0.3,1.7,0.043,19.0,95.0,0.9920700000000001,3.17,0.46,10.7,4,3
172,6.3,0.25,0.23,14.9,0.039,47.0,142.0,0.99705,3.14,0.35,9.7,3,3
173,6.7,0.12,0.36,2.3,0.039,43.0,125.0,0.99229,3.07,0.67,10.1,4,3
174,5.7,0.22,0.22,16.65,0.044000000000000004,39.0,110.0,0.99855,3.24,0.48,9.0,3,3
175,6.6,0.425,0.25,2.35,0.034,23.0,87.0,0.99082,3.05,0.41,11.4,3,3
176,9.2,0.27,0.34,10.5,0.043,49.0,228.0,0.9974,3.04,0.41,10.4,3,3
177,7.1,0.38,0.29,13.6,0.040999999999999995,30.0,137.0,0.99461,3.02,0.96,12.1,3,3
178,7.6,0.54,0.23,2.0,0.028999999999999998,13.0,151.0,0.9931,3.04,0.33,10.4,2,2
179,6.6,0.27,0.33,1.4,0.042,24.0,183.0,0.99215,3.29,0.46,10.7,2,2
180,7.6,0.29,0.26,6.5,0.042,32.0,160.0,0.9944,3.14,0.47,10.7,2,3
181,7.5,0.21,0.29,1.5,0.046,35.0,107.0,0.9912299999999999,3.15,0.45,11.3,3,3
182,7.2,0.18,0.45,4.4,0.046,57.0,166.0,0.9943,3.13,0.62,11.2,3,3
183,8.0,0.28,0.42,7.1,0.045,41.0,169.0,0.9959,3.17,0.43,10.6,2,3
184,6.4,0.24,0.29,1.0,0.038,18.0,122.0,0.9906,3.3,0.42,11.5,2,3
185,7.8,0.23,0.28,4.75,0.042,45.0,166.0,0.9928,2.96,0.4,11.5,2,3
186,6.6,0.56,0.15,10.0,0.037000000000000005,38.0,157.0,0.9964200000000001,3.28,0.52,9.4,2,2
187,7.8,0.18,0.46,13.6,0.052000000000000005,38.0,118.0,0.998,3.15,0.5,10.0,3,3
188,6.1,0.32,0.33,10.7,0.036000000000000004,27.0,98.0,0.99521,3.34,0.52,10.2,3,3
189,7.6,0.13,0.34,9.3,0.062,40.0,126.0,0.9966,3.21,0.39,9.6,2,3
190,7.6,0.19,0.42,1.5,0.044000000000000004,6.0,114.0,0.9914,3.04,0.74,12.8,3,2
191,7.8,0.43,0.49,13.0,0.033,37.0,158.0,0.9955,3.14,0.35,11.3,3,3
192,6.9,0.34,0.36,1.4,0.032,13.0,145.0,0.9921399999999999,3.07,0.52,9.8,2,3
193,8.8,0.24,0.23,10.3,0.032,12.0,97.0,0.99571,3.13,0.4,10.7,3,2
194,5.0,0.33,0.23,11.8,0.03,23.0,158.0,0.9932200000000001,3.41,0.64,11.8,3,3
195,6.4,0.24,0.26,8.2,0.054000000000000006,47.0,182.0,0.9953799999999999,3.12,0.5,9.5,2,2
196,6.7,0.61,0.21,1.65,0.11699999999999999,40.0,240.0,0.9938,3.11,0.57,9.3,2,1
197,6.5,0.22,0.32,2.2,0.027999999999999997,36.0,92.0,0.9907600000000001,3.27,0.59,11.9,4,4
198,7.2,0.24,0.29,2.2,0.037000000000000005,37.0,102.0,0.992,3.27,0.64,11.0,4,4
199,5.8,0.29,0.33,3.7,0.028999999999999998,30.0,88.0,0.9899399999999999,3.25,0.42,12.3,3,4
200,6.4,0.16,0.32,8.75,0.038,38.0,118.0,0.99449,3.19,0.41,10.7,2,3
201,6.6,0.24,0.29,2.0,0.023,19.0,86.0,0.99,3.25,0.45,12.5,3,4
202,7.2,0.27,0.46,18.75,0.052000000000000005,45.0,255.0,1.0,3.04,0.52,8.9,2,2
203,7.0,0.26,0.26,10.8,0.039,37.0,184.0,0.99787,3.47,0.58,10.3,4,2
204,6.8,0.35,0.53,10.1,0.053,37.0,151.0,0.9963,3.07,0.4,9.4,2,2
205,6.9,0.19,0.33,1.6,0.043,63.0,149.0,0.9925,3.44,0.52,10.8,2,4
206,6.4,0.22,0.31,13.9,0.04,57.0,135.0,0.99672,3.21,0.38,10.7,2,3
207,6.9,0.23,0.4,7.5,0.04,50.0,151.0,0.9927,3.11,0.27,11.4,3,3
208,6.6,0.21,0.36,0.8,0.034,48.0,113.0,0.99165,3.24,0.68,10.5,3,4
209,8.0,0.24,0.33,1.2,0.044000000000000004,28.0,101.0,0.99035,3.03,0.43,12.5,3,3
210,6.0,0.13,0.28,5.7,0.038,56.0,189.5,0.9948,3.59,0.43,10.6,4,3
211,7.2,0.685,0.21,9.5,0.07,33.0,172.0,0.9971,3.0,0.55,9.1,3,2
212,5.8,0.29,0.27,1.6,0.062,17.0,140.0,0.9913799999999999,3.23,0.35,11.1,3,3
213,6.7,0.3,0.5,12.1,0.045,38.0,127.0,0.9974,3.04,0.53,8.9,3,2
214,5.3,0.21,0.29,0.7,0.027999999999999997,11.0,66.0,0.99215,3.3,0.4,9.8,2,2
215,6.0,0.16,0.36,1.6,0.042,13.0,61.0,0.9914299999999999,3.22,0.54,10.8,3,3
216,5.6,0.19,0.26,1.4,0.03,12.0,76.0,0.9905,3.25,0.37,10.9,4,3
217,7.2,0.4,0.49,1.1,0.048,11.0,138.0,0.9929,3.01,0.42,9.3,2,2
218,6.9,0.19,0.39,8.0,0.027999999999999997,22.0,84.0,0.9940000000000001,3.11,0.66,10.8,3,3
219,6.4,0.145,0.49,5.4,0.048,54.0,164.0,0.9946,3.56,0.44,10.8,3,3
220,7.1,0.3,0.49,1.6,0.045,31.0,100.0,0.9942,3.4,0.59,10.2,2,3
221,6.3,0.41,0.16,0.9,0.032,25.0,98.0,0.99274,3.16,0.42,9.5,2,2
222,7.0,0.22,0.31,2.7,0.03,41.0,136.0,0.9898,3.16,0.37,12.7,4,4
223,9.4,0.42,0.32,6.5,0.027000000000000003,20.0,167.0,0.99479,3.08,0.43,10.6,2,3
224,6.9,0.32,0.15,8.1,0.046,51.0,180.0,0.9958,3.13,0.45,8.9,2,2
225,6.7,0.27,0.26,2.3,0.043,61.0,181.0,0.9939399999999999,3.45,0.63,10.6,3,3
226,6.6,0.26,0.25,11.6,0.045,45.0,178.0,0.9969100000000001,3.33,0.43,9.8,3,2
227,7.3,0.32,0.48,13.3,0.06,57.0,196.0,0.9982,3.04,0.5,9.2,2,2
228,6.4,0.27,0.49,7.3,0.046,53.0,206.0,0.9956,3.24,0.43,9.2,3,2
229,7.3,0.24,0.43,2.0,0.021,20.0,69.0,0.99,3.08,0.56,12.2,3,3
230,6.9,0.28,0.41,1.7,0.05,10.0,136.0,0.993,3.16,0.71,11.4,3,2
231,7.5,0.18,0.31,11.7,0.051,24.0,94.0,0.997,3.19,0.44,9.5,4,3
232,6.6,0.35,0.19,10.5,0.06,15.0,82.0,0.9958799999999999,3.13,0.38,9.9,1,2
233,6.9,0.115,0.35,5.4,0.048,36.0,108.0,0.9939,3.32,0.42,10.2,3,3
234,6.5,0.24,0.32,7.6,0.038,48.0,203.0,0.9958,3.45,0.54,9.7,4,3
235,6.4,0.2,0.28,2.5,0.032,24.0,84.0,0.9916799999999999,3.31,0.55,11.5,2,3
236,7.9,0.51,0.36,6.2,0.051,30.0,173.0,0.9984,3.09,0.53,9.7,2,2
237,7.2,0.2,0.61,16.2,0.043,14.0,103.0,0.9987,3.06,0.36,9.2,3,2
238,7.3,0.18,0.29,1.2,0.044000000000000004,12.0,143.0,0.9918,3.2,0.48,11.3,4,3
239,6.7,0.28,0.28,4.5,0.051,14.0,92.0,0.99224,3.36,0.58,11.9,3,3
240,6.3,0.36,0.28,2.5,0.035,18.0,73.0,0.9886799999999999,3.1,0.47,12.8,4,4
241,6.0,0.16,0.27,12.0,0.03,39.0,98.0,0.9940200000000001,3.15,0.34,10.8,2,4
242,7.5,0.3,0.21,6.55,0.026000000000000002,33.0,143.0,0.99244,2.92,0.35,11.1,2,3
243,5.7,0.255,0.65,1.2,0.079,17.0,137.0,0.9930700000000001,3.2,0.42,9.4,2,2
244,6.2,0.37,0.22,8.3,0.025,36.0,216.0,0.9964,3.33,0.6,9.6,3,3
245,6.1,0.18,0.38,2.3,0.033,28.0,111.0,0.98962,3.16,0.49,12.4,3,3
246,6.9,0.3,0.21,7.2,0.045,54.0,190.0,0.99595,3.22,0.48,9.4,2,2
247,7.4,0.24,0.42,14.0,0.066,48.0,198.0,0.9979,2.89,0.42,8.9,3,3
248,6.9,0.24,0.35,1.0,0.052000000000000005,35.0,146.0,0.993,3.45,0.44,10.0,3,3
249,7.7,0.28,0.58,12.1,0.046,60.0,177.0,0.9983,3.08,0.46,8.9,2,2
250,7.1,0.23,0.39,13.7,0.057999999999999996,26.0,172.0,0.99755,2.9,0.46,9.0,3,3
251,6.8,0.23,0.3,6.95,0.044000000000000004,42.0,179.0,0.9946,3.25,0.56,10.6,3,3
252,7.2,0.27,0.42,1.6,0.05,35.0,135.0,0.992,2.94,0.46,11.0,3,3
253,6.9,0.15,0.29,2.3,0.033,14.0,82.0,0.9913200000000001,3.1,0.58,11.2,4,3
254,7.7,0.32,0.62,10.6,0.036000000000000004,56.0,153.0,0.9978,3.13,0.44,8.9,3,2
255,8.2,0.34,0.29,5.2,0.076,19.0,92.0,0.9913799999999999,2.95,0.39,12.5,3,3
256,6.9,0.23,0.35,6.9,0.03,45.0,116.0,0.99244,2.8,0.54,11.0,3,3
257,6.6,0.28,0.3,12.9,0.033,31.0,177.0,0.99479,3.12,0.39,11.2,3,3
258,6.6,0.24,0.27,10.3,0.047,54.0,219.0,0.9974200000000001,3.04,0.45,8.8,2,3
259,7.0,0.23,0.33,1.0,0.043,46.0,110.0,0.99118,3.04,0.65,10.8,3,3
260,5.0,0.33,0.18,4.6,0.032,40.0,124.0,0.9911399999999999,3.18,0.4,11.0,3,3
261,6.6,0.32,0.24,1.3,0.06,42.5,204.0,0.9951200000000001,3.59,0.51,9.2,2,2
262,6.5,0.25,0.32,9.9,0.045,41.0,128.0,0.99636,3.18,0.52,9.6,3,3
263,5.0,0.255,0.22,2.7,0.043,46.0,153.0,0.9923799999999999,3.75,0.76,11.3,3,2
264,8.8,0.23,0.35,10.7,0.04,26.0,183.0,0.9984,2.93,0.49,9.1,3,3
265,5.2,0.31,0.2,2.4,0.027000000000000003,27.0,117.0,0.9888600000000001,3.56,0.45,13.0,4,4
266,8.1,0.17,0.44,14.1,0.053,43.0,145.0,1.0006,3.28,0.75,8.8,5,3
267,7.5,0.41,0.23,14.8,0.054000000000000006,28.0,174.0,0.99898,3.18,0.49,9.7,2,2
268,7.7,0.43,0.28,4.5,0.046,33.0,102.0,0.9918,3.16,0.56,12.2,4,4
269,8.0,0.24,0.48,6.8,0.047,13.0,134.0,0.99616,3.23,0.7,10.0,2,2
270,7.4,0.29,0.5,1.8,0.042,35.0,127.0,0.9937,3.45,0.5,10.2,4,3
271,6.4,0.32,0.5,10.7,0.047,57.0,206.0,0.9968,3.08,0.6,9.4,2,2
272,6.9,0.38,0.29,13.65,0.048,52.0,189.0,0.99784,3.0,0.6,9.5,3,2
273,6.7,0.21,0.42,9.1,0.049,31.0,150.0,0.9953,3.12,0.74,9.9,4,4
274,8.1,0.28,0.4,6.9,0.05,30.0,97.0,0.9951,3.26,0.44,10.1,3,3
275,9.2,0.19,0.42,2.0,0.047,16.0,104.0,0.9951700000000001,3.09,0.66,10.0,1,2
276,7.2,0.31,0.35,7.2,0.046,45.0,178.0,0.9955,3.14,0.53,9.7,2,3
277,7.5,0.27,0.31,5.8,0.057,131.0,313.0,0.9946,3.18,0.59,10.5,2,0
278,7.5,0.14,0.34,1.3,0.055,50.0,153.0,0.9945,3.29,0.8,9.6,3,3
279,7.7,0.2,0.44,13.9,0.05,44.0,130.0,0.99855,3.11,0.48,10.0,3,3
280,6.5,0.46,0.24,11.5,0.051,56.0,171.0,0.9958799999999999,3.08,0.56,9.8,3,2
281,6.8,0.32,0.3,3.3,0.028999999999999998,15.0,80.0,0.99061,3.33,0.63,12.6,4,4
282,6.5,0.33,0.28,6.1,0.018000000000000002,41.0,103.0,0.9912200000000001,3.24,0.32,12.2,3,4
283,8.2,0.21,0.48,1.4,0.040999999999999995,11.0,99.0,0.9958,3.17,0.57,9.9,2,1
284,8.3,0.14,0.36,8.8,0.026000000000000002,13.0,60.0,0.9956,3.13,0.35,11.05,2,3
285,5.1,0.33,0.22,1.6,0.027000000000000003,18.0,89.0,0.9893,3.51,0.38,12.5,4,4
286,6.1,0.22,0.4,1.85,0.031,25.0,111.0,0.98966,3.03,0.3,11.8,4,3
287,6.0,0.24,0.27,1.9,0.048,40.0,170.0,0.9938,3.64,0.54,10.0,4,2
288,9.8,0.16,0.46,1.8,0.046,23.0,130.0,0.99587,3.04,0.67,9.6,2,2
289,6.7,0.3,0.35,1.4,0.18,36.0,160.0,0.9937,3.11,0.54,9.4,3,2
290,6.5,0.24,0.39,17.3,0.052000000000000005,22.0,126.0,0.9988799999999999,3.11,0.47,9.2,3,3
291,6.6,0.37,0.47,6.5,0.061,23.0,150.0,0.9954,3.14,0.45,9.6,3,2
292,6.1,0.22,0.23,3.1,0.052000000000000005,15.0,104.0,0.9948,3.14,0.42,8.7,2,2
293,7.7,0.15,0.29,1.3,0.028999999999999998,10.0,64.0,0.9932,3.35,0.39,10.1,2,3
294,8.8,0.2,0.43,15.0,0.053,60.0,184.0,1.0008,3.28,0.79,8.8,3,3
295,7.0,0.31,0.29,1.4,0.037000000000000005,33.0,128.0,0.9896,3.12,0.36,12.2,4,4
296,6.4,0.27,0.45,8.3,0.05,52.0,196.0,0.9955,3.18,0.48,9.5,2,2
297,9.4,0.28,0.3,1.6,0.045,36.0,139.0,0.99534,3.11,0.49,9.3,2,2
298,6.8,0.26,0.22,7.7,0.047,57.0,210.0,0.9959,3.1,0.47,9.0,2,2
299,8.5,0.17,0.31,1.0,0.024,13.0,91.0,0.993,2.79,0.37,10.1,2,2
300,9.2,0.15,0.68,1.6,0.046,22.0,130.0,0.9948,3.02,0.45,10.4,3,3
301,6.5,0.29,0.25,2.5,0.142,8.0,111.0,0.9927,3.0,0.44,9.9,1,2
302,5.9,0.28,0.14,8.6,0.032,30.0,142.0,0.9954200000000001,3.28,0.44,9.5,3,2
303,6.4,0.39,0.21,1.2,0.040999999999999995,35.0,136.0,0.99225,3.15,0.46,10.2,2,3
304,7.4,0.16,0.49,1.2,0.055,18.0,150.0,0.9917,3.23,0.47,11.2,3,3
305,6.2,0.3,0.2,6.6,0.045,42.0,170.0,0.9944,3.36,0.45,10.4,3,2
306,6.0,0.2,0.24,5.3,0.075,49.0,201.0,0.99466,3.21,0.43,9.5,2,3
307,6.4,0.22,0.34,1.4,0.023,56.0,115.0,0.9895799999999999,3.18,0.7,11.7,3,4
308,5.2,0.3,0.34,1.5,0.038,18.0,96.0,0.9894200000000001,3.56,0.48,13.0,5,4
309,8.7,0.15,0.3,1.6,0.046,29.0,130.0,0.9942,3.22,0.38,9.8,3,3
310,6.5,0.21,0.35,5.7,0.043,47.0,197.0,0.99392,3.24,0.5,10.1,3,3
311,5.9,0.37,0.14,6.3,0.036000000000000004,34.0,185.0,0.9944,3.17,0.63,9.8,2,2
312,7.0,0.36,0.14,11.6,0.043,35.0,228.0,0.9977,3.13,0.51,8.9,2,2
313,7.3,0.19,0.27,1.6,0.027000000000000003,35.0,136.0,0.9924799999999999,3.38,0.54,11.0,4,4
314,8.0,0.27,0.33,1.2,0.05,41.0,103.0,0.9900200000000001,3.0,0.45,12.4,3,3
315,8.6,0.31,0.3,0.9,0.045,16.0,109.0,0.99249,2.95,0.39,10.1,2,2
316,6.8,0.18,0.46,1.4,0.064,37.0,160.0,0.9924,3.37,0.45,11.1,2,3
317,8.0,0.22,0.28,14.0,0.053,83.0,197.0,0.9981,3.14,0.45,9.8,3,3
318,6.8,0.27,0.28,7.8,0.038,26.0,89.0,0.9915,3.24,0.34,12.5,3,3
319,8.2,0.61,0.45,5.4,0.03,15.0,118.0,0.9954,3.14,0.34,9.6,2,1
320,8.5,0.28,0.34,13.8,0.040999999999999995,32.0,161.0,0.9981,3.13,0.4,9.9,3,2
321,6.2,0.3,0.42,2.2,0.036000000000000004,28.0,128.0,0.9901,3.13,0.38,11.6,3,3
322,6.2,0.16,0.47,1.4,0.028999999999999998,23.0,81.0,0.99,3.26,0.42,12.2,3,3
323,7.6,0.15,0.35,4.3,0.051,23.0,98.0,0.9942200000000001,3.1,0.44,9.5,3,3
324,7.0,0.22,0.26,9.2,0.027000000000000003,37.0,122.0,0.9922799999999999,3.06,0.34,12.5,5,4
325,6.7,0.25,0.26,1.55,0.040999999999999995,118.5,216.0,0.9949,3.55,0.63,9.4,0,2
326,5.7,0.27,0.32,1.2,0.046,20.0,155.0,0.9934,3.8,0.41,10.2,3,2
327,7.0,0.32,0.27,7.1,0.027000000000000003,37.0,122.0,0.99165,3.15,0.6,12.6,4,4
328,6.4,0.22,0.34,1.8,0.057,29.0,104.0,0.9959,3.81,0.57,10.3,3,2
329,5.5,0.17,0.23,2.9,0.039,10.0,108.0,0.9924299999999999,3.28,0.5,10.0,2,3
330,6.0,0.19,0.26,12.4,0.048,50.0,147.0,0.9972,3.3,0.36,8.9,3,2
331,6.6,0.24,0.22,12.3,0.051,35.0,146.0,0.9967600000000001,3.1,0.67,9.4,2,3
332,7.4,0.31,0.74,10.7,0.039,51.0,147.0,0.9977,3.02,0.43,8.7,2,2
333,7.1,0.31,0.17,1.0,0.042,21.0,144.0,0.9930399999999999,3.13,0.4,9.6,2,2
334,5.8,0.27,0.27,12.3,0.045,55.0,170.0,0.9972,3.28,0.42,9.3,3,2
335,7.0,0.22,0.29,8.9,0.05,24.0,90.0,0.99556,3.29,0.46,9.8,3,3
336,7.0,0.28,0.33,14.6,0.043,47.0,168.0,0.9994,3.34,0.67,8.8,3,3
337,6.4,0.3,0.27,4.4,0.055,17.0,135.0,0.9925,3.23,0.44,12.2,3,3
338,7.7,0.3,0.42,14.3,0.045,45.0,213.0,0.9991,3.18,0.63,9.2,2,2
339,7.1,0.28,0.28,8.5,0.03,25.0,191.0,0.9933799999999999,3.16,0.46,12.2,4,3
340,6.1,0.4,0.18,9.0,0.051,28.5,259.0,0.9964,3.19,0.5,8.8,2,2
341,6.9,0.3,0.36,0.9,0.037000000000000005,40.0,156.0,0.9896799999999999,3.08,0.36,12.1,3,3
342,6.0,0.26,0.26,2.2,0.035,10.0,72.0,0.9894649999999999,3.11,0.48,12.15,3,3
343,5.0,0.24,0.21,2.2,0.039,31.0,100.0,0.99098,3.69,0.62,11.7,3,3
344,6.8,0.25,0.37,3.1,0.026000000000000002,29.0,93.0,0.99035,3.14,0.45,12.2,3,3
345,7.5,0.23,0.3,1.2,0.03,27.0,80.0,0.99192,3.05,0.68,10.5,2,3
346,7.4,0.16,0.33,1.2,0.042,47.0,121.0,0.99198,3.04,0.68,10.5,4,3
347,7.4,0.155,0.34,2.3,0.045,73.5,214.0,0.9934,3.18,0.61,9.9,4,3
348,7.7,0.24,0.27,1.8,0.051,52.0,190.0,0.9928,3.23,0.5,10.8,3,3
349,6.3,0.2,0.37,11.8,0.045,58.0,130.0,0.99519,3.2,0.35,10.8,2,3
350,7.6,0.285,0.32,14.6,0.063,32.0,201.0,0.998,3.0,0.45,9.2,2,3
351,5.7,0.36,0.34,4.2,0.026000000000000002,21.0,77.0,0.9907,3.41,0.45,11.9,3,4
352,7.2,0.16,0.35,1.2,0.031,27.0,84.0,0.9928,3.33,0.34,9.9,2,3
353,6.6,0.3,0.24,1.2,0.034,17.0,121.0,0.9933,3.13,0.36,9.2,2,2
354,6.2,0.41,0.22,1.9,0.023,5.0,56.0,0.9892799999999999,3.04,0.79,13.0,4,3
355,5.8,0.385,0.25,3.7,0.031,38.0,122.0,0.9912799999999999,3.2,0.63,11.2,3,4
356,6.6,0.23,0.24,3.9,0.045,36.0,138.0,0.9922,3.15,0.64,11.3,4,4
357,7.0,0.31,0.39,7.5,0.055,42.0,218.0,0.9965200000000001,3.37,0.54,10.3,2,3
358,7.6,0.22,0.28,12.0,0.055999999999999994,68.0,143.0,0.9983,2.99,0.3,9.2,3,3
359,6.6,0.22,0.37,1.6,0.04,31.0,101.0,0.9900899999999999,3.15,0.66,12.0,2,3
360,8.1,0.25,0.34,10.1,0.05,30.0,121.0,0.99724,3.17,0.49,10.1,3,2
361,6.9,0.4,0.17,12.9,0.033,59.0,186.0,0.99754,3.08,0.49,9.4,2,2
362,7.5,0.38,0.33,5.0,0.045,30.0,131.0,0.9942,3.32,0.44,10.9,3,4
363,7.2,0.19,0.31,6.3,0.034,17.0,103.0,0.99305,3.15,0.52,11.4,4,3
364,7.0,0.34,0.3,1.8,0.045,44.0,142.0,0.9914,2.99,0.45,10.8,3,3
365,7.0,0.36,0.32,10.5,0.045,35.0,135.0,0.9935,3.09,0.33,11.6,5,3
366,6.3,0.21,0.28,1.5,0.051,46.0,142.0,0.9928,3.23,0.42,10.1,3,3
367,5.6,0.26,0.5,11.4,0.028999999999999998,25.0,93.0,0.9942799999999999,3.23,0.49,10.5,3,3
368,6.7,0.3,0.5,12.1,0.045,38.0,127.0,0.9974,3.04,0.53,8.9,3,2
369,8.0,0.33,0.35,10.0,0.035,22.0,108.0,0.9945700000000001,3.12,0.36,11.6,3,3
370,6.1,0.33,0.32,7.8,0.052000000000000005,52.0,183.0,0.9965700000000001,3.39,0.65,9.5,2,2
371,6.5,0.41,0.24,14.0,0.048,24.0,113.0,0.9982,3.44,0.53,9.8,3,3
372,6.6,0.34,0.27,6.2,0.059000000000000004,23.0,136.0,0.9957,3.3,0.49,10.1,3,2
373,6.7,0.23,0.17,1.3,0.061,14.0,100.0,0.9925,3.07,0.55,9.5,2,2
374,6.9,0.22,0.32,9.3,0.04,22.0,110.0,0.9958,3.34,0.54,10.7,4,3
375,7.0,0.29,0.37,4.9,0.034,26.0,127.0,0.9928,3.17,0.44,10.8,3,3
376,6.2,0.355,0.35,2.0,0.046,31.0,95.0,0.9882200000000001,3.06,0.46,13.6,3,4
377,6.9,0.3,0.49,7.6,0.057,25.0,156.0,0.9962,3.43,0.63,11.0,4,3
378,7.0,0.12,0.28,6.3,0.057,17.0,103.0,0.9957,3.5,0.44,9.6,2,3
379,7.4,0.16,0.27,15.5,0.05,25.0,135.0,0.9984,2.9,0.43,8.7,4,4
380,6.4,0.3,0.33,5.2,0.05,30.0,137.0,0.9930399999999999,3.26,0.58,11.1,2,3
381,6.0,0.2,0.71,1.6,0.15,10.0,54.0,0.9927,3.12,0.47,9.8,2,3
382,6.4,0.105,0.29,1.1,0.035,44.0,140.0,0.9914200000000001,3.17,0.55,10.7,4,3
383,6.3,0.17,0.32,1.0,0.04,39.0,118.0,0.9888600000000001,3.31,0.4,13.1,5,3
384,6.4,0.17,0.34,13.4,0.044000000000000004,45.0,139.0,0.9975200000000001,3.06,0.43,9.1,3,3
385,7.4,0.25,0.36,13.2,0.067,53.0,178.0,0.9976,3.01,0.48,9.0,3,3
386,7.7,0.25,0.43,4.5,0.062,20.0,115.0,0.9966,3.38,0.5,9.9,3,2
387,7.5,0.2,0.47,16.9,0.052000000000000005,51.0,188.0,0.99944,3.09,0.62,9.3,2,3
388,7.2,0.26,0.32,10.4,0.062,23.0,114.0,0.9966,3.23,0.49,10.5,2,2
389,5.8,0.17,0.34,1.8,0.045,96.0,170.0,0.99035,3.38,0.9,11.8,5,4
390,6.5,0.28,0.35,15.4,0.042,55.0,195.0,0.9978,3.23,0.5,9.6,3,2
391,7.2,0.15,0.39,1.8,0.043,21.0,159.0,0.9948,3.52,0.47,10.0,2,3
392,7.1,0.21,0.32,2.2,0.037000000000000005,28.0,141.0,0.993,3.2,0.57,10.0,4,3
393,7.7,0.27,0.49,3.8,0.037000000000000005,46.0,139.0,0.99116,3.04,0.38,11.6,3,3
394,6.9,0.22,0.28,7.8,0.05,43.0,116.0,0.99326,3.22,0.6,11.5,5,4
395,4.2,0.215,0.23,5.1,0.040999999999999995,64.0,157.0,0.9968799999999999,3.42,0.44,8.0,0,2
396,7.7,0.275,0.3,1.0,0.039,19.0,75.0,0.992,3.01,0.56,10.7,2,2
397,6.1,0.41,0.2,12.6,0.032,54.0,136.0,0.99516,2.91,0.43,10.6,3,3
398,6.1,0.24,0.27,9.8,0.062,33.0,152.0,0.9966,3.31,0.47,9.5,3,2
399,6.6,0.23,0.3,14.9,0.051,33.0,118.0,0.99835,3.04,0.54,9.0,3,3
400,7.7,0.23,0.31,10.7,0.038,59.0,186.0,0.9969,3.12,0.55,9.5,3,3
401,7.2,0.32,0.36,2.0,0.033,37.0,114.0,0.9906,3.1,0.71,12.3,4,3
402,5.8,0.32,0.28,4.3,0.032,46.0,115.0,0.98946,3.16,0.57,13.0,5,4
403,5.4,0.185,0.19,7.1,0.048,36.0,110.0,0.9943799999999999,3.26,0.41,9.5,3,3
404,7.1,0.34,0.32,2.0,0.051,29.0,130.0,0.99354,3.3,0.5,10.4,3,3
405,6.8,0.24,0.34,2.7,0.047,64.5,218.5,0.9934,3.3,0.58,9.7,3,3
406,8.5,0.19,0.56,17.3,0.055,47.0,169.0,1.00047,3.07,0.67,9.3,3,3
407,6.9,0.19,0.35,1.7,0.036000000000000004,33.0,101.0,0.99315,3.21,0.54,10.8,4,3
408,10.7,0.22,0.56,8.2,0.044000000000000004,37.0,181.0,0.998,2.87,0.68,9.5,3,3
409,5.1,0.33,0.22,1.6,0.027000000000000003,18.0,89.0,0.9893,3.51,0.38,12.5,4,4
410,6.2,0.31,0.23,3.3,0.052000000000000005,34.0,113.0,0.99429,3.16,0.48,8.4,2,2
411,6.2,0.25,0.25,1.4,0.03,35.0,105.0,0.9912,3.3,0.44,11.1,4,3
412,6.4,0.35,0.51,7.8,0.055,53.0,177.0,0.9950200000000001,3.12,0.45,9.6,2,2
413,5.7,0.15,0.47,11.4,0.035,49.0,128.0,0.99456,3.03,0.34,10.5,5,3
414,7.9,0.22,0.45,14.2,0.038,53.0,141.0,0.9992,3.03,0.46,9.2,3,3
415,8.5,0.16,0.35,1.6,0.039,24.0,147.0,0.9935,2.96,0.36,10.0,2,2
416,5.6,0.19,0.46,1.1,0.032,33.0,115.0,0.9909,3.36,0.5,10.4,3,3
417,7.1,0.2,0.27,9.6,0.037000000000000005,19.0,105.0,0.99444,3.04,0.37,10.5,4,3
418,8.8,0.33,0.44,6.35,0.024,9.0,87.0,0.9917,2.96,0.4,12.6,4,3
419,7.5,0.2,0.49,1.3,0.031,8.0,97.0,0.9918,3.06,0.62,11.1,2,2
420,6.0,0.21,0.29,13.1,0.042,28.0,125.0,0.99936,3.39,0.45,8.6,2,2
421,6.3,0.33,0.42,17.2,0.037000000000000005,57.0,170.0,0.99884,3.26,0.57,9.4,3,3
422,7.7,0.43,0.37,10.0,0.16899999999999998,22.0,210.0,0.9977600000000001,3.02,0.64,9.5,2,2
423,6.8,0.21,0.36,18.1,0.046,32.0,133.0,1.0,3.27,0.48,8.8,2,3
424,6.0,0.2,0.33,1.1,0.039,45.0,126.0,0.99051,3.31,0.45,11.6,4,3
425,8.3,0.16,0.37,7.9,0.025,38.0,107.0,0.99306,2.93,0.37,11.9,3,3
426,6.8,0.3,0.33,12.8,0.040999999999999995,60.0,168.0,0.99659,3.1,0.56,9.8,2,2
427,7.3,0.3,0.25,2.5,0.045,32.0,122.0,0.99329,3.18,0.54,10.3,2,3
428,7.3,0.4,0.28,6.5,0.037000000000000005,26.0,97.0,0.9914799999999999,3.16,0.58,12.6,4,4
429,6.2,0.22,0.3,12.4,0.054000000000000006,108.0,152.0,0.9972799999999999,3.1,0.47,9.5,3,3
430,7.5,0.19,0.34,2.6,0.037000000000000005,33.0,125.0,0.9923,3.1,0.49,11.1,4,3
431,7.1,0.25,0.28,1.6,0.052000000000000005,46.0,169.0,0.9926,3.05,0.41,10.5,2,3
432,8.5,0.24,0.47,15.2,0.057,40.0,234.0,1.0005,3.02,0.66,9.0,2,3
433,7.2,0.2,0.61,16.2,0.043,14.0,103.0,0.9987,3.06,0.36,9.2,3,2
434,6.4,0.31,0.53,8.8,0.057,36.0,221.0,0.9964200000000001,3.17,0.44,9.1,2,1
435,7.1,0.21,0.35,2.5,0.04,41.0,186.0,0.9912799999999999,3.32,0.56,12.5,3,3
436,6.9,0.34,0.74,11.2,0.069,44.0,150.0,0.9968,3.0,0.81,9.2,2,2
437,6.7,0.21,0.34,1.4,0.049,36.0,112.0,0.9909100000000001,3.02,0.5,11.0,3,3
438,5.6,0.19,0.47,4.5,0.03,19.0,112.0,0.9922,3.56,0.45,11.2,3,4
439,5.8,0.4,0.42,4.4,0.047,38.5,245.0,0.9937,3.25,0.57,9.6,3,2
440,7.3,0.13,0.27,4.6,0.08,34.0,172.0,0.9938,3.23,0.39,11.1,4,3
441,7.3,0.25,0.39,6.4,0.034,8.0,84.0,0.9942,3.18,0.46,11.5,2,3
442,6.5,0.29,0.26,7.0,0.04,18.0,113.0,0.99366,3.17,0.38,10.2,3,3
443,6.1,0.27,0.31,1.5,0.035,17.0,83.0,0.9907600000000001,3.32,0.44,11.1,4,3
444,6.2,0.27,0.18,1.5,0.027999999999999997,20.0,111.0,0.9922799999999999,3.41,0.5,10.0,2,3
445,6.8,0.2,0.27,1.2,0.034,19.0,68.0,0.9902,3.14,0.37,11.7,1,3
446,6.5,0.5,0.22,4.1,0.036000000000000004,35.0,131.0,0.9902,3.26,0.55,13.0,4,4
447,6.7,0.23,0.33,8.1,0.048,45.0,176.0,0.99472,3.11,0.52,10.1,3,3
448,6.6,0.24,0.27,15.8,0.035,46.0,188.0,0.9982,3.24,0.51,9.2,2,2
449,5.4,0.22,0.35,6.5,0.028999999999999998,26.0,87.0,0.99092,3.29,0.44,12.5,4,3
450,7.4,0.41,0.66,10.8,0.051,77.0,194.0,0.9976,3.05,0.46,8.7,2,2
451,6.2,0.23,0.35,0.7,0.051,24.0,111.0,0.9916,3.37,0.43,11.0,0,3
452,7.2,0.37,0.15,2.0,0.028999999999999998,27.0,87.0,0.9903,3.3,0.59,12.6,4,4
453,5.9,0.18,0.28,5.1,0.039,50.0,139.0,0.99165,3.16,0.44,11.3,3,3
454,6.2,0.27,0.49,1.4,0.05,20.0,74.0,0.9931,3.32,0.44,9.8,3,3
455,7.1,0.17,0.4,14.55,0.047,47.0,156.0,0.99945,3.34,0.78,9.1,3,3
456,8.9,0.27,0.28,0.8,0.024,29.0,128.0,0.9898399999999999,3.01,0.35,12.4,3,3
457,6.9,0.25,0.35,9.2,0.034,42.0,150.0,0.9947,3.21,0.36,11.5,3,3
458,8.1,0.33,0.36,7.4,0.037000000000000005,36.0,156.0,0.99592,3.19,0.54,10.6,3,3
459,7.7,0.29,0.48,2.3,0.049,36.0,178.0,0.9931,3.17,0.64,10.6,3,3
460,6.3,0.39,0.24,6.9,0.069,9.0,117.0,0.9942,3.15,0.35,10.2,1,1
461,7.7,0.32,0.48,2.3,0.04,28.0,114.0,0.9911,3.2,0.52,12.8,4,3
462,7.1,0.21,0.32,2.2,0.037000000000000005,28.0,141.0,0.993,3.2,0.57,10.0,4,3
463,6.4,0.17,0.34,1.5,0.09300000000000001,43.0,136.0,0.9938,3.25,0.49,9.6,3,4
464,6.5,0.28,0.38,7.8,0.031,54.0,216.0,0.99154,3.03,0.42,13.1,3,4
465,6.3,0.32,0.17,17.75,0.06,51.0,190.0,0.99916,3.13,0.48,8.8,3,2
466,7.0,0.21,0.34,8.0,0.057,19.0,101.0,0.9954,2.99,0.59,9.4,2,3
467,7.0,0.33,0.78,9.9,0.042,21.0,251.0,0.99435,3.01,0.55,11.0,3,3
468,7.4,0.16,0.3,13.7,0.055999999999999994,33.0,168.0,0.99825,2.9,0.44,8.7,4,4
469,7.0,0.24,0.26,1.7,0.040999999999999995,31.0,110.0,0.9914200000000001,3.2,0.53,11.0,3,3
470,8.0,0.14,0.49,1.5,0.035,42.0,120.0,0.9928,3.26,0.4,10.6,4,3
471,6.8,0.18,0.3,12.8,0.062,19.0,171.0,0.99808,3.0,0.52,9.0,4,4
472,6.5,0.27,0.19,6.6,0.045,98.0,175.0,0.99364,3.16,0.34,10.1,3,3
473,6.9,0.16,0.3,9.6,0.057,50.0,185.0,0.9978,3.39,0.38,9.6,3,3
474,5.5,0.15,0.32,14.0,0.031,16.0,99.0,0.9943700000000001,3.26,0.38,11.5,5,3
475,5.8,0.24,0.44,3.5,0.028999999999999998,5.0,109.0,0.9913,3.53,0.43,11.7,0,4
476,7.1,0.18,0.39,15.25,0.047,45.0,158.0,0.99946,3.34,0.77,9.1,3,3
477,7.5,0.31,0.51,14.8,0.039,62.0,204.0,0.9982,3.06,0.6,9.5,2,2
478,6.9,0.22,0.39,6.0,0.035,44.0,141.0,0.9912299999999999,3.11,0.33,12.5,3,3
479,6.5,0.22,0.25,17.1,0.05,44.0,138.0,1.0001,3.3,0.37,8.8,2,2
480,6.6,0.26,0.38,6.5,0.17,68.0,201.0,0.9956,3.19,0.38,9.4,3,3
481,6.4,0.29,0.44,3.6,0.2,75.0,181.0,0.9942,3.02,0.41,9.1,2,2
482,6.2,0.3,0.28,1.6,0.036000000000000004,28.0,106.0,0.988245,3.14,0.41,13.3,3,4
483,7.9,0.31,0.22,13.3,0.048,46.0,212.0,0.9994200000000001,3.47,0.59,10.0,2,2
484,6.45,0.14,0.42,1.2,0.05,51.0,129.0,0.99116,3.27,0.69,11.1,4,4
485,5.7,0.2,0.3,2.5,0.046,38.0,125.0,0.9927600000000001,3.34,0.5,9.9,3,3
486,6.3,0.22,0.28,2.4,0.042,38.0,102.0,0.98998,3.14,0.37,11.6,4,3
487,7.0,0.23,0.36,13.0,0.051,72.0,177.0,0.9972,3.16,0.49,9.8,2,3
488,5.1,0.26,0.34,6.4,0.034,26.0,99.0,0.99449,3.23,0.41,9.2,3,3
489,6.1,0.17,0.42,15.1,0.033,28.0,124.0,0.99684,2.87,0.47,9.5,2,3
490,5.7,0.31,0.28,4.1,0.03,22.0,86.0,0.9906200000000001,3.31,0.38,11.7,4,4
491,6.5,0.08,0.33,1.9,0.027999999999999997,23.0,93.0,0.991,3.34,0.7,12.0,4,4
492,7.8,0.25,0.28,7.2,0.04,46.0,179.0,0.99541,3.14,0.6,10.1,3,3
493,6.8,0.14,0.18,1.4,0.047,30.0,90.0,0.99164,3.27,0.54,11.2,3,3
494,6.8,0.29,0.16,1.4,0.038,122.5,234.5,0.9922,3.15,0.47,10.0,1,2
495,6.4,0.32,0.27,4.9,0.034,18.0,122.0,0.9916,3.36,0.71,12.5,3,4
496,7.1,0.27,0.27,10.4,0.040999999999999995,26.0,114.0,0.99335,3.04,0.52,11.5,4,3
497,6.6,0.34,0.18,6.4,0.08199999999999999,47.0,240.0,0.9971,3.42,0.48,9.2,2,1
498,8.0,0.23,0.37,9.6,0.054000000000000006,23.0,159.0,0.99795,3.32,0.47,9.8,1,3
499,6.3,0.29,0.28,4.7,0.059000000000000004,28.0,81.0,0.99036,3.24,0.56,12.7,5,3
500,9.4,0.28,0.3,1.6,0.045,36.0,139.0,0.99534,3.11,0.49,9.3,2,2
501,7.5,0.21,0.68,10.9,0.045,38.0,133.0,0.9978,3.0,0.36,8.7,2,2
502,6.7,0.23,0.26,1.4,0.06,33.0,154.0,0.9934,3.24,0.56,9.5,3,3
503,6.4,0.31,0.5,5.8,0.038,42.0,111.0,0.9918899999999999,3.18,0.53,11.9,4,3
504,8.1,0.25,0.38,3.8,0.051,18.0,129.0,0.9928,3.21,0.38,11.5,3,3
505,6.2,0.32,0.45,2.9,0.028999999999999998,37.0,94.0,0.98998,3.25,0.6,12.4,3,4
506,8.3,0.19,0.49,1.2,0.051,11.0,137.0,0.9918,3.06,0.46,11.0,3,2
507,6.5,0.15,0.55,5.9,0.045,75.0,162.0,0.99482,2.97,0.4,9.3,2,2
508,7.4,0.18,0.4,1.6,0.047,22.0,102.0,0.9937,3.28,0.44,10.7,2,3
509,6.9,0.32,0.27,16.0,0.034,58.0,185.0,0.9993799999999999,3.34,0.6,9.0,3,2
510,7.0,0.36,0.35,2.5,0.048,67.0,161.0,0.99146,3.05,0.56,11.1,3,3
511,6.3,0.29,0.29,3.3,0.037000000000000005,32.0,140.0,0.9895,3.17,0.36,12.8,4,4
512,7.1,0.2,0.37,1.5,0.049,28.0,129.0,0.99226,3.15,0.52,10.8,2,3
513,6.6,0.29,0.31,3.9,0.027000000000000003,39.0,96.0,0.99035,3.24,0.6,12.6,5,4
514,7.1,0.23,0.24,5.4,0.039,60.0,196.0,0.9948,3.19,0.78,10.0,1,3
515,6.6,0.17,0.38,1.5,0.032,28.0,112.0,0.9914,3.25,0.55,11.4,4,3
516,6.2,0.36,0.14,8.9,0.036000000000000004,38.0,155.0,0.9962200000000001,3.27,0.5,9.4,2,2
517,5.7,0.27,0.16,9.0,0.053,32.0,111.0,0.99474,3.36,0.37,10.4,3,3
518,6.8,0.27,0.42,7.3,0.054000000000000006,58.0,200.0,0.99556,3.12,0.49,9.4,3,2
519,6.1,0.28,0.27,4.7,0.03,56.0,140.0,0.9904200000000001,3.16,0.42,12.5,5,4
520,7.0,0.24,0.18,1.3,0.046,9.0,62.0,0.9940000000000001,3.38,0.47,10.1,1,2
521,7.7,0.38,0.4,2.0,0.038,28.0,152.0,0.9906,3.18,0.32,12.9,3,4
522,8.1,0.2,0.3,1.3,0.036000000000000004,7.0,49.0,0.9924200000000001,2.99,0.73,10.3,2,2
523,7.4,0.19,0.31,14.5,0.045,39.0,193.0,0.9986,3.1,0.5,9.2,3,4
524,8.3,0.49,0.43,2.5,0.036000000000000004,32.0,116.0,0.9944,3.23,0.47,10.7,3,2
525,7.0,0.32,0.35,1.5,0.039,24.0,125.0,0.9918,3.17,0.64,12.2,3,3
526,6.7,0.28,0.34,8.9,0.048,32.0,111.0,0.99455,3.25,0.54,11.0,4,4
527,6.8,0.26,0.34,13.9,0.034,39.0,134.0,0.9949,3.33,0.53,12.0,3,4
528,6.3,0.41,0.22,7.3,0.035,23.0,117.0,0.99172,3.2,0.39,11.94,4,3
529,5.6,0.695,0.06,6.8,0.042,9.0,84.0,0.9943200000000001,3.44,0.44,10.2,2,3
530,5.0,0.33,0.16,1.5,0.049,10.0,97.0,0.9917,3.48,0.44,10.7,3,3
531,6.7,0.31,0.3,2.4,0.038,30.0,83.0,0.98867,3.09,0.36,12.8,4,4
532,6.5,0.23,0.2,7.5,0.05,44.0,179.0,0.9950399999999999,3.18,0.48,9.53333333333333,2,2
533,6.8,0.37,0.51,11.8,0.044000000000000004,62.0,163.0,0.9976,3.19,0.44,8.8,2,2
534,6.6,0.32,0.41,7.2,0.048,55.0,178.0,0.9953700000000001,3.2,0.46,9.4,2,2
535,6.0,0.19,0.29,1.2,0.046,29.0,92.0,0.9903299999999999,3.22,0.53,11.3,3,3
536,9.3,0.34,0.49,7.3,0.052000000000000005,30.0,146.0,0.998,3.17,0.61,10.2,2,2
537,6.2,0.3,0.49,11.2,0.057999999999999996,68.0,215.0,0.99656,3.19,0.6,9.4,3,2
538,7.7,0.24,0.31,1.3,0.047,33.0,106.0,0.993,3.22,0.55,10.8,3,3
539,6.2,0.18,0.49,4.5,0.047,17.0,90.0,0.9919,3.27,0.37,11.6,3,3
540,4.8,0.26,0.23,10.6,0.034,23.0,111.0,0.99274,3.46,0.28,11.5,4,4
541,6.0,0.3,0.33,2.1,0.042,31.0,127.0,0.98964,3.32,0.42,12.5,3,4
542,7.6,0.23,0.29,8.6,0.053,65.0,146.0,0.9963,3.11,0.32,9.8,3,3
543,6.8,0.25,0.27,10.7,0.076,47.0,154.0,0.9967,3.05,0.38,9.0,2,3
544,9.3,0.2,0.33,1.7,0.05,28.0,178.0,0.9954,3.16,0.43,9.0,1,2
545,5.1,0.11,0.32,1.6,0.027999999999999997,12.0,90.0,0.99008,3.57,0.52,12.2,3,3
546,5.9,0.44,0.36,2.5,0.03,12.0,73.0,0.9920100000000001,3.22,0.48,10.8,3,3
547,5.6,0.235,0.29,1.2,0.047,33.0,127.0,0.991,3.34,0.5,11.0,4,3
548,6.8,0.3,0.24,6.6,0.12300000000000001,35.0,116.0,0.9953,3.07,0.48,9.4,2,2
549,6.4,0.475,0.06,1.0,0.03,9.0,131.0,0.9904,2.97,0.29,10.8,2,2
550,5.8,0.23,0.2,2.0,0.043,39.0,154.0,0.99226,3.21,0.39,10.2,3,3
551,7.3,0.28,0.35,1.6,0.054000000000000006,31.0,148.0,0.9917799999999999,3.18,0.47,10.7,2,2
552,5.7,0.22,0.33,1.9,0.036000000000000004,37.0,110.0,0.98945,3.26,0.58,12.4,3,3
553,6.6,0.16,0.29,1.8,0.05,40.0,147.0,0.9912,3.06,0.44,11.4,4,3
554,6.7,0.24,0.32,10.3,0.079,37.0,122.0,0.9966200000000001,3.02,0.45,8.8,2,3
555,8.3,0.28,0.45,7.8,0.059000000000000004,32.0,139.0,0.9972,3.33,0.77,11.2,3,3
556,6.8,0.15,0.3,5.3,0.05,40.0,127.0,0.9942,3.4,0.39,9.7,3,3
557,7.4,0.31,0.26,8.6,0.048,47.0,206.0,0.9964,3.26,0.36,9.1,2,2
558,6.1,0.25,0.24,12.1,0.046,51.0,172.0,0.998,3.35,0.45,9.5,2,2
559,6.0,0.21,0.24,12.1,0.05,55.0,164.0,0.997,3.34,0.39,9.4,2,2
560,7.3,0.24,0.39,17.95,0.057,45.0,149.0,0.9999,3.21,0.36,8.6,2,2
561,6.0,0.34,0.29,6.1,0.046,29.0,134.0,0.9946200000000001,3.48,0.57,10.7,3,3
562,6.8,0.29,0.5,13.3,0.053,48.0,194.0,0.9974,3.09,0.45,9.4,2,2
563,5.7,0.14,0.3,5.4,0.045,26.0,105.0,0.99469,3.32,0.45,9.3,2,3
564,6.7,0.18,0.37,1.3,0.027000000000000003,42.0,125.0,0.98939,3.24,0.37,12.8,4,3
565,9.2,0.28,0.46,3.2,0.057999999999999996,39.0,133.0,0.996,3.14,0.58,9.5,2,2
566,5.8,0.17,0.36,1.3,0.036000000000000004,11.0,70.0,0.9920200000000001,3.43,0.68,10.4,4,3
567,5.4,0.375,0.4,3.3,0.054000000000000006,29.0,147.0,0.99482,3.42,0.52,9.1,2,2
568,7.2,0.39,0.63,11.0,0.044000000000000004,55.0,156.0,0.9974,3.09,0.44,8.7,3,2
569,6.4,0.16,0.31,5.3,0.043,42.0,157.0,0.99455,3.35,0.47,10.5,2,3
570,8.1,0.5,0.47,1.1,0.037000000000000005,23.0,126.0,0.9938,3.21,0.42,10.9,2,2
571,7.0,0.21,0.28,7.5,0.07,45.0,185.0,0.9966,3.34,0.55,9.4,2,2
572,5.8,0.13,0.22,12.7,0.057999999999999996,24.0,183.0,0.9956,3.32,0.42,11.7,3,3
573,6.1,0.31,0.58,5.0,0.039,36.0,114.0,0.9909,3.3,0.6,12.3,5,3
574,5.7,0.15,0.28,3.7,0.045,57.0,151.0,0.9913,3.22,0.27,11.2,3,3
575,6.7,0.25,0.13,1.2,0.040999999999999995,81.0,174.0,0.992,3.14,0.42,9.8,2,2
576,6.4,0.16,0.42,1.0,0.036000000000000004,29.0,113.0,0.9908,3.18,0.52,11.0,3,3
577,5.9,0.415,0.13,1.4,0.04,11.0,64.0,0.9922,3.29,0.52,10.5,2,1
578,6.9,0.25,0.27,9.05,0.039,37.0,128.0,0.9936,3.27,0.34,11.3,5,4
579,7.2,0.13,0.46,1.3,0.044000000000000004,48.0,111.0,0.9912700000000001,2.97,0.45,11.1,2,3
580,6.8,0.18,0.37,1.5,0.027000000000000003,37.0,93.0,0.992,3.3,0.45,10.8,3,3
581,7.0,0.24,0.35,1.5,0.052000000000000005,51.0,128.0,0.9941,3.41,0.59,10.4,4,3
582,6.4,0.21,0.28,5.9,0.047,29.0,101.0,0.9927799999999999,3.15,0.4,11.0,3,3
583,6.7,0.34,0.26,1.9,0.038,58.0,138.0,0.9893,3.0,0.47,12.2,4,4
584,5.9,0.32,0.39,3.3,0.114,24.0,140.0,0.9934,3.09,0.45,9.2,3,2
585,7.5,0.38,0.56,9.7,0.055,15.0,170.0,0.99605,3.13,0.65,9.9,3,2
586,6.6,0.37,0.07,1.4,0.048,58.0,144.0,0.9922,3.17,0.38,10.0,2,2
587,6.9,0.21,0.24,1.8,0.021,17.0,80.0,0.98992,3.15,0.46,12.3,4,4
588,7.3,0.36,0.62,7.1,0.033,48.0,185.0,0.99472,3.14,0.62,10.6,3,3
589,7.9,0.25,0.29,5.3,0.031,33.0,117.0,0.9918,3.06,0.32,11.8,4,3
590,6.2,0.28,0.33,1.7,0.028999999999999998,24.0,111.0,0.99,3.24,0.5,12.1,3,3
591,7.0,0.35,0.3,6.5,0.027999999999999997,27.0,87.0,0.9936,3.4,0.42,11.4,4,4
592,5.8,0.28,0.66,9.1,0.039,26.0,159.0,0.9965,3.66,0.55,10.8,2,3
593,7.0,0.23,0.42,18.05,0.05,35.0,144.0,0.9999,3.22,0.42,8.8,2,2
594,8.3,0.2,0.74,4.45,0.044000000000000004,33.0,130.0,0.9924,3.25,0.42,12.2,3,3
595,8.4,0.2,0.31,2.8,0.054000000000000006,16.0,89.0,0.99416,2.96,0.45,9.5,3,2
596,7.3,0.33,0.4,6.85,0.038,32.0,138.0,0.992,3.03,0.3,11.9,4,4
597,7.7,0.3,0.42,14.3,0.045,45.0,213.0,0.9991,3.18,0.63,9.2,2,2
598,6.2,0.25,0.42,8.0,0.049,53.0,206.0,0.9958600000000001,3.16,0.47,9.1,3,2
599,7.3,0.26,0.33,11.8,0.057,48.0,127.0,0.9969299999999999,3.1,0.55,10.0,3,3
600,6.3,0.24,0.22,11.9,0.05,65.0,179.0,0.99659,3.06,0.58,9.3,3,2
601,5.7,0.18,0.26,2.2,0.023,21.0,95.0,0.9893,3.07,0.54,12.3,3,4
602,7.1,0.2,0.31,7.4,0.053,32.0,211.0,0.99587,3.31,0.59,10.4,3,3
603,6.6,0.2,0.14,4.4,0.184,35.0,168.0,0.9939600000000001,2.93,0.45,9.4,3,3
604,4.4,0.54,0.09,5.1,0.038,52.0,97.0,0.9902200000000001,3.41,0.4,12.2,4,3
605,8.3,0.14,0.45,1.5,0.039,18.0,98.0,0.99215,3.02,0.56,11.0,3,3
606,5.9,0.26,0.24,2.4,0.046,27.0,132.0,0.99234,3.63,0.73,11.3,2,3
607,6.6,0.27,0.31,5.3,0.13699999999999998,35.0,163.0,0.9951,3.2,0.38,9.3,2,3
608,8.0,0.29,0.29,13.2,0.046,26.0,113.0,0.9983,3.25,0.37,9.7,3,2
609,7.1,0.16,0.36,10.7,0.044000000000000004,20.0,90.0,0.9959,3.16,0.44,10.9,4,3
610,7.2,0.25,0.28,14.4,0.055,55.0,205.0,0.9986,3.12,0.38,9.0,4,3
611,7.3,0.25,0.41,1.8,0.037000000000000005,52.0,165.0,0.9911,3.29,0.39,12.2,4,3
612,6.6,0.27,0.29,5.3,0.045,57.0,189.0,0.9953,3.31,0.79,9.8,2,3
613,7.4,0.16,0.3,13.7,0.055999999999999994,33.0,168.0,0.99825,2.9,0.44,8.7,4,4
614,6.8,0.23,0.32,1.6,0.026000000000000002,43.0,147.0,0.9904,3.29,0.54,12.5,3,4
615,6.9,0.15,0.28,4.4,0.028999999999999998,14.0,107.0,0.9934700000000001,3.24,0.46,10.4,5,3
616,6.6,0.33,0.24,16.05,0.045,31.0,147.0,0.9982200000000001,3.08,0.52,9.2,2,2
617,6.1,0.16,0.34,6.1,0.034,31.0,114.0,0.99365,3.32,0.58,10.1333333333333,4,4
618,6.4,0.24,0.29,11.4,0.051,32.0,166.0,0.9968,3.31,0.45,9.5,2,2
619,6.5,0.18,0.34,1.6,0.04,43.0,148.0,0.9912,3.32,0.59,11.5,5,4
620,6.5,0.33,0.38,2.5,0.047,30.0,148.0,0.98964,3.17,0.43,12.7,3,4
621,5.6,0.18,0.31,1.5,0.038,16.0,84.0,0.9924,3.34,0.58,10.1,3,3
622,5.8,0.3,0.12,1.6,0.036000000000000004,57.0,163.0,0.99239,3.38,0.59,10.5,3,2
623,7.6,0.38,0.2,3.4,0.046,9.0,116.0,0.9944,3.15,0.41,9.4,2,2
624,7.4,0.33,0.26,15.6,0.049,67.0,210.0,0.9990700000000001,3.06,0.68,9.5,2,2
625,7.4,0.19,0.31,14.5,0.045,39.0,193.0,0.9986,3.1,0.5,9.2,3,4
626,6.9,0.33,0.62,7.5,0.038,46.0,132.0,0.9914299999999999,3.23,0.43,13.4,4,3
627,6.8,0.36,0.24,4.6,0.039,24.0,124.0,0.9909,3.27,0.34,12.6,4,4
628,6.4,0.33,0.44,8.9,0.055,52.0,164.0,0.9948799999999999,3.1,0.48,9.6,2,2
629,7.6,0.2,0.3,14.2,0.055999999999999994,53.0,212.5,0.9990000000000001,3.14,0.46,8.9,5,4
630,8.1,0.29,0.49,7.1,0.042,22.0,124.0,0.9944,3.14,0.41,10.8,3,3
631,6.8,0.21,0.62,6.4,0.040999999999999995,7.0,113.0,0.9935799999999999,2.96,0.59,10.2,2,2
632,7.2,0.25,0.28,14.4,0.055,55.0,205.0,0.9986,3.12,0.38,9.0,4,3
633,7.1,0.18,0.74,15.6,0.044000000000000004,44.0,176.0,0.9996,3.38,0.67,9.0,3,2
634,7.7,0.39,0.34,10.0,0.055999999999999994,35.0,178.0,0.9974,3.26,0.6,10.2,2,3
635,7.9,0.17,0.32,1.6,0.053,47.0,150.0,0.9948,3.29,0.76,9.6,3,3
636,7.3,0.34,0.22,1.4,0.044000000000000004,43.0,176.0,0.9928600000000001,3.14,0.46,9.9,2,2
637,6.8,0.53,0.35,3.8,0.034,26.0,109.0,0.9906,3.26,0.57,12.7,5,4
638,8.6,0.23,0.46,1.0,0.054000000000000006,9.0,72.0,0.9941,2.95,0.49,9.1,3,2
639,5.8,0.22,0.3,1.1,0.047,36.0,131.0,0.992,3.26,0.45,10.4,2,3
640,6.3,0.36,0.3,4.8,0.049,14.0,85.0,0.9932,3.28,0.39,10.6,2,3
641,6.0,0.27,0.26,1.3,0.038,32.0,138.0,0.99125,3.46,0.43,11.1,3,4
642,6.3,0.15,0.3,1.4,0.022000000000000002,38.0,100.0,0.9909899999999999,3.42,0.57,11.4,4,4
643,6.5,0.32,0.3,2.3,0.051,20.0,127.0,0.98964,3.13,0.52,12.8,3,4
644,5.9,0.26,0.29,5.4,0.046,34.0,116.0,0.99224,3.24,0.41,11.4,3,3
645,6.4,0.15,0.4,1.5,0.042,23.0,87.0,0.98972,3.11,0.46,12.2,4,3
646,6.9,0.32,0.3,1.8,0.036000000000000004,28.0,117.0,0.99269,3.24,0.48,11.0,3,3
647,6.4,0.25,0.32,11.3,0.038,69.0,192.0,0.9957299999999999,3.14,0.5,10.2,3,3
648,6.6,0.21,0.6,1.1,0.135,61.0,144.0,0.9927,3.12,0.39,9.3,4,3
649,6.7,0.46,0.27,5.2,0.039,35.0,96.0,0.99129,3.16,0.44,12.4,4,4
650,5.5,0.29,0.3,1.1,0.022000000000000002,20.0,110.0,0.98869,3.34,0.38,12.8,4,4
651,6.3,0.6,0.44,11.0,0.05,50.0,245.0,0.9972,3.19,0.57,9.3,1,2
652,6.1,0.27,0.32,6.2,0.048,47.0,161.0,0.9928100000000001,3.22,0.6,11.0,3,3
653,5.8,0.32,0.28,4.3,0.032,46.0,115.0,0.98946,3.16,0.57,13.0,5,4
654,6.6,0.27,0.32,1.3,0.044000000000000004,18.0,93.0,0.99044,3.11,0.56,12.25,2,3
655,7.3,0.26,0.33,11.8,0.057,48.0,127.0,0.9969299999999999,3.1,0.55,10.0,3,3
656,8.5,0.17,0.74,3.6,0.05,29.0,128.0,0.9928,3.28,0.4,12.4,3,3
657,4.8,0.34,0.0,6.5,0.027999999999999997,33.0,163.0,0.9939,3.36,0.61,9.9,3,2
658,6.4,0.25,0.74,7.8,0.045,52.0,209.0,0.9956,3.21,0.42,9.2,3,2
659,6.7,0.23,0.25,1.6,0.036000000000000004,28.0,143.0,0.99256,3.3,0.54,10.3,3,3
660,5.9,0.17,0.28,0.7,0.027000000000000003,5.0,28.0,0.98985,3.13,0.32,10.6,2,1
661,5.7,0.26,0.27,4.1,0.201,73.5,189.5,0.9942,3.27,0.38,9.4,3,3
662,7.3,0.19,0.25,1.4,0.051,41.0,107.0,0.99382,3.53,0.66,10.5,4,4
663,7.1,0.31,0.38,1.2,0.036000000000000004,10.0,124.0,0.9924,3.14,0.44,9.9,3,3
664,6.6,0.31,0.28,1.4,0.035,28.0,107.0,0.98836,3.0,0.4,13.2,3,4
665,6.2,0.34,0.29,7.6,0.047,45.0,232.0,0.9955,3.35,0.62,10.0,3,3
666,6.9,0.35,0.55,11.95,0.038,22.0,111.0,0.99687,3.11,0.29,9.7,2,2
667,7.6,0.2,0.36,1.9,0.043,24.0,111.0,0.9923700000000001,3.29,0.54,11.3,3,3
668,7.6,0.25,1.23,4.6,0.035,51.0,294.0,0.99018,3.03,0.43,13.1,3,3
669,8.8,0.34,0.33,9.7,0.036000000000000004,46.0,172.0,0.9966,3.08,0.4,10.2,2,3
670,6.6,0.22,0.28,4.9,0.042,51.0,180.0,0.9952,3.3,0.75,9.5,3,3
671,6.6,0.16,0.25,9.8,0.049,59.5,137.0,0.995,3.16,0.38,10.0,3,3
672,6.3,0.22,0.57,1.4,0.20800000000000002,14.0,96.0,0.9932,3.16,0.43,10.0,3,3
673,7.3,0.28,0.42,1.2,0.033,29.0,142.0,0.99205,3.17,0.43,10.7,1,3
674,5.8,0.2,0.27,1.4,0.031,12.0,77.0,0.9905,3.25,0.36,10.9,4,3
675,5.1,0.33,0.27,6.7,0.022000000000000002,44.0,129.0,0.99221,3.36,0.39,11.0,4,3
676,6.5,0.3,0.32,2.0,0.044000000000000004,34.0,90.0,0.99185,3.37,0.68,11.0,4,4
677,6.4,0.26,0.21,7.1,0.04,35.0,162.0,0.9956,3.39,0.58,9.9,3,3
678,6.7,0.24,0.3,3.85,0.042,105.0,179.0,0.9918899999999999,3.04,0.59,11.3,5,3
679,7.9,0.28,0.32,3.6,0.038,9.0,76.0,0.992,3.05,0.31,11.7,1,3
680,6.2,0.2,0.49,1.6,0.065,17.0,143.0,0.9937,3.22,0.52,9.2,3,2
681,6.0,0.59,0.0,0.8,0.037000000000000005,30.0,95.0,0.9903200000000001,3.1,0.4,10.9,1,2
682,6.2,0.18,0.38,1.5,0.027999999999999997,36.0,117.0,0.993,3.47,0.54,9.7,3,4
683,7.4,0.19,0.31,14.5,0.045,39.0,193.0,0.9986,3.1,0.5,9.2,3,4
684,8.3,0.21,0.4,1.6,0.032,35.0,110.0,0.9907,3.02,0.6,12.9,4,3
685,7.6,0.39,0.22,2.8,0.036000000000000004,19.0,113.0,0.9926,3.03,0.29,10.2,2,2
686,6.4,0.28,0.29,1.6,0.052000000000000005,34.0,127.0,0.9929,3.48,0.56,10.5,4,4
687,7.4,0.16,0.27,15.5,0.05,25.0,135.0,0.9984,2.9,0.43,8.7,4,4
688,7.6,0.3,0.22,10.2,0.049,57.0,191.0,0.9966,3.08,0.4,9.3,3,2
689,8.4,0.22,0.3,8.9,0.024,17.0,118.0,0.99456,2.99,0.34,10.5,3,3
690,6.7,0.24,0.36,8.4,0.042,42.0,123.0,0.9947299999999999,3.34,0.52,10.9,3,4
691,6.7,0.23,0.33,1.8,0.036000000000000004,23.0,96.0,0.9925,3.32,0.4,10.8,3,2
692,7.0,0.24,0.36,2.8,0.034,22.0,112.0,0.99,3.19,0.38,12.6,5,3
693,6.5,0.29,0.52,7.9,0.049,35.0,192.0,0.99551,3.16,0.51,9.5,3,2
694,7.6,0.24,0.44,3.8,0.037000000000000005,49.0,146.0,0.9911,3.06,0.37,11.6,3,3
695,7.2,0.21,0.37,1.6,0.049,23.0,94.0,0.9924,3.16,0.48,10.9,4,3
696,7.0,0.21,0.22,5.1,0.048,38.0,168.0,0.9945,3.34,0.49,10.4,3,3
697,7.1,0.18,0.74,15.6,0.044000000000000004,44.0,176.0,0.9996,3.38,0.67,9.0,3,2
698,6.7,0.265,0.22,8.6,0.048,54.0,198.0,0.9955,3.25,0.41,10.2,2,2
699,7.0,0.15,0.28,14.7,0.051,29.0,149.0,0.99792,2.96,0.39,9.0,4,4
700,7.7,0.39,0.28,4.9,0.035,36.0,109.0,0.9918,3.19,0.58,12.2,4,4
701,8.3,0.15,0.39,1.3,0.055,32.0,146.0,0.993,3.08,0.39,10.5,3,3
702,5.8,0.26,0.18,1.2,0.031,40.0,114.0,0.9908,3.42,0.4,11.0,4,4
703,7.8,0.21,0.27,1.2,0.051,20.0,89.0,0.9936,3.06,0.46,9.1,2,2
704,6.4,0.1,0.35,4.9,0.048,31.0,103.0,0.9947,3.43,0.79,9.7,3,4
705,6.1,0.34,0.29,2.2,0.036000000000000004,25.0,100.0,0.9893799999999999,3.06,0.44,11.8,3,3
706,6.0,0.32,0.46,1.5,0.05,56.0,189.0,0.99308,3.24,0.49,9.6,2,2
707,8.4,0.2,0.38,11.8,0.055,51.0,170.0,1.0004,3.34,0.82,8.9,3,3
708,7.4,0.16,0.27,15.5,0.05,25.0,135.0,0.9984,2.9,0.43,8.7,4,4
709,7.1,0.33,0.64,13.2,0.055999999999999994,12.0,105.0,0.9972,3.05,0.39,9.2,2,2
710,7.3,0.37,0.16,14.9,0.048,59.0,240.0,0.99902,3.13,0.45,8.9,2,2
711,7.8,0.24,0.38,2.1,0.057999999999999996,14.0,167.0,0.9940000000000001,3.21,0.55,9.9,2,2
712,6.4,0.23,0.33,1.15,0.044000000000000004,15.5,217.5,0.992,3.33,0.44,11.0,3,2
713,6.2,0.66,0.48,1.2,0.028999999999999998,29.0,75.0,0.9892,3.33,0.39,12.8,5,3
714,6.6,0.15,0.32,6.0,0.033,59.0,128.0,0.99192,3.19,0.71,12.1,5,4
715,8.0,0.45,0.28,10.8,0.051,25.0,157.0,0.9957,3.06,0.47,11.4,4,3
716,7.6,0.26,0.47,1.6,0.068,5.0,55.0,0.9944,3.1,0.45,9.6,2,2
717,6.6,0.19,0.99,1.2,0.122,45.0,129.0,0.9936,3.09,0.31,8.7,3,3
718,6.4,0.23,0.37,7.9,0.05,60.0,150.0,0.9948799999999999,2.86,0.49,9.3,3,2
719,6.7,0.27,0.25,8.0,0.053,54.0,202.0,0.9961,3.22,0.43,9.3,2,2
720,6.8,0.37,0.51,11.8,0.044000000000000004,62.0,163.0,0.9976,3.19,0.44,8.8,2,2
721,8.1,0.34,0.28,7.5,0.04,70.0,230.0,0.9955799999999999,3.14,0.55,9.8,3,3
722,6.9,0.19,0.31,19.25,0.043,38.0,167.0,0.99954,2.93,0.52,9.1,4,4
723,7.7,0.16,0.36,5.9,0.054000000000000006,25.0,148.0,0.9957799999999999,3.25,0.54,10.2,3,3
724,6.2,0.3,0.21,1.1,0.032,31.0,111.0,0.9889,2.97,0.42,12.2,3,3
725,5.6,0.34,0.25,2.5,0.046,47.0,182.0,0.99093,3.21,0.4,11.3,2,3
726,6.3,0.55,0.45,13.0,0.047,33.0,182.0,0.9974,3.2,0.46,9.2,3,2
727,8.1,0.26,0.27,4.3,0.03,43.0,123.0,0.9921200000000001,3.16,0.33,11.2,3,2
728,6.4,0.24,0.28,11.5,0.05,34.0,163.0,0.9969,3.31,0.45,9.5,2,2
729,7.1,0.12,0.3,3.1,0.018000000000000002,15.0,37.0,0.9900399999999999,3.02,0.52,11.9,4,3
730,6.4,0.33,0.24,1.6,0.054000000000000006,25.0,117.0,0.9943,3.36,0.5,9.3,2,2
731,5.1,0.52,0.06,2.7,0.052000000000000005,30.0,79.0,0.9932,3.32,0.43,9.3,2,3
732,7.2,0.31,0.41,8.6,0.053,15.0,89.0,0.9976,3.29,0.64,9.9,3,2
733,6.6,0.21,0.39,2.3,0.040999999999999995,31.0,102.0,0.99221,3.22,0.58,10.9,4,3
734,6.9,0.26,0.33,12.6,0.051,59.0,173.0,0.998,3.39,0.38,9.9,2,3
735,8.9,0.21,0.34,7.1,0.037000000000000005,33.0,150.0,0.9962,3.1,0.45,9.7,3,3
736,5.8,0.23,0.31,3.5,0.044000000000000004,35.0,158.0,0.98998,3.19,0.37,12.1,4,3
737,8.6,0.16,0.38,3.4,0.04,41.0,143.0,0.9932,2.95,0.39,10.2,3,3
738,7.2,0.17,0.28,17.55,0.05,33.0,154.0,0.99971,2.94,0.43,9.0,4,4
739,8.8,0.17,0.38,1.8,0.04,39.0,148.0,0.9942,3.16,0.67,10.2,3,3
740,7.0,0.22,0.28,10.6,0.039,32.0,117.0,0.99355,3.05,0.55,11.5,4,4
741,6.4,0.23,0.39,1.8,0.032,23.0,118.0,0.9912,3.32,0.5,11.8,3,3
742,5.8,0.27,0.2,7.3,0.04,42.0,145.0,0.9944200000000001,3.15,0.48,9.8,2,2
743,5.7,0.25,0.26,12.5,0.049,52.5,120.0,0.9969100000000001,3.08,0.45,9.4,3,3
744,6.7,0.27,0.33,3.6,0.034,9.0,45.0,0.99144,3.08,0.4,10.5,3,3
745,7.4,0.16,0.3,13.7,0.055999999999999994,33.0,168.0,0.99825,2.9,0.44,8.7,4,4
746,7.5,0.23,0.68,11.0,0.047,37.0,133.0,0.9978,2.99,0.38,8.8,2,2
747,5.5,0.24,0.32,8.7,0.06,19.0,102.0,0.9940000000000001,3.27,0.31,10.4,2,3
748,6.2,0.37,0.24,6.1,0.032,19.0,86.0,0.98934,3.04,0.26,13.4,5,4
749,7.2,0.2,0.61,16.2,0.043,14.0,103.0,0.9987,3.06,0.36,9.2,3,2
750,5.8,0.33,0.2,16.05,0.047,26.0,166.0,0.9976,3.09,0.46,8.9,2,2
751,6.2,0.2,0.33,5.4,0.027999999999999997,21.0,75.0,0.9901200000000001,3.36,0.41,13.5,4,3
752,7.1,0.2,0.41,2.1,0.054000000000000006,24.0,166.0,0.9948,3.48,0.62,10.5,3,3
753,8.0,0.25,0.26,14.0,0.043,41.0,248.0,0.9986,3.03,0.57,8.7,3,3
754,6.2,0.31,0.26,4.8,0.037000000000000005,36.0,148.0,0.9928,3.21,0.41,10.4,3,3
755,8.2,0.32,0.26,2.1,0.062,26.0,87.0,0.98974,3.1,0.47,12.8,3,3
756,5.5,0.62,0.33,1.7,0.037000000000000005,24.0,118.0,0.9875799999999999,3.15,0.39,13.55,3,3
757,6.9,0.33,0.21,1.0,0.053,39.0,148.0,0.9927,3.12,0.45,9.4,3,2
758,7.7,0.28,0.35,15.3,0.055999999999999994,31.0,117.0,0.9998,3.27,0.5,9.6,2,2
759,7.1,0.26,0.32,5.9,0.037000000000000005,39.0,97.0,0.9934,3.31,0.4,11.6,3,3
760,7.2,0.16,0.26,7.1,0.054000000000000006,41.0,224.0,0.9966,3.38,0.55,10.1,2,3
761,6.5,0.26,0.31,3.6,0.03,36.0,92.0,0.99026,3.22,0.62,12.6,5,4
762,7.1,0.23,0.39,1.6,0.032,12.0,65.0,0.9898,3.25,0.4,12.7,4,3
763,6.4,0.28,0.27,11.0,0.042,45.0,148.0,0.9978600000000001,3.14,0.46,8.7,2,2
764,6.6,0.32,0.33,2.5,0.052000000000000005,40.0,210.0,0.99316,3.15,0.6,10.0,2,2
765,6.4,0.26,0.26,1.1,0.052000000000000005,22.0,176.0,0.9930399999999999,3.09,0.54,9.3,2,3
766,5.4,0.205,0.16,12.55,0.051,31.0,115.0,0.99564,3.4,0.38,10.8,3,3
767,7.6,0.31,0.29,10.5,0.04,21.0,145.0,0.9966,3.04,0.35,9.4,2,2
768,6.4,0.27,0.17,8.4,0.044000000000000004,60.0,198.0,0.9957799999999999,3.21,0.47,9.4,2,2
769,6.0,0.16,0.3,6.7,0.043,43.0,153.0,0.9951,3.63,0.46,10.6,2,3
770,6.6,0.25,0.24,1.7,0.048,26.0,124.0,0.9942,3.37,0.6,10.1,3,3
771,6.2,0.44,0.18,7.7,0.096,28.0,210.0,0.99771,3.56,0.72,9.2,2,1
772,7.4,0.31,0.26,8.6,0.048,47.0,206.0,0.9964,3.26,0.36,9.1,2,2
773,6.0,0.28,0.24,17.8,0.047,42.0,111.0,0.9989600000000001,3.1,0.45,8.9,3,3
774,7.1,0.26,0.34,14.4,0.067,35.0,189.0,0.9986,3.07,0.53,9.1,4,3
775,5.2,0.34,0.37,6.2,0.031,42.0,133.0,0.9907600000000001,3.25,0.41,12.5,3,4
776,5.7,0.36,0.21,6.7,0.038,51.0,166.0,0.9941,3.29,0.63,10.0,3,2
777,6.3,0.25,0.22,3.3,0.048,41.0,161.0,0.99256,3.16,0.5,10.5,3,3
778,6.1,0.3,0.56,2.7,0.046,46.0,184.0,0.9924,3.31,0.57,10.9,3,3
779,7.1,0.27,0.24,12.6,0.044000000000000004,48.0,118.0,0.99726,3.04,0.56,10.0,4,3
780,6.6,0.21,0.29,1.8,0.026000000000000002,35.0,128.0,0.9918299999999999,3.37,0.48,11.2,3,4
781,6.9,0.25,0.35,9.2,0.034,42.0,150.0,0.9947,3.21,0.36,11.5,3,3
782,6.5,0.18,0.26,1.4,0.040999999999999995,40.0,141.0,0.9941,3.34,0.72,9.5,3,3
783,6.9,0.28,0.31,7.2,0.04,47.0,168.0,0.9946,3.29,0.57,10.6,4,3
784,6.3,0.3,0.34,1.6,0.049,14.0,132.0,0.9940000000000001,3.3,0.49,9.5,3,2
785,6.0,0.16,0.37,1.5,0.025,43.0,117.0,0.9928,3.46,0.51,9.7,3,4
786,7.2,0.34,0.34,12.6,0.048,7.0,41.0,0.9942,3.19,0.4,11.7,2,3
787,7.6,0.21,0.44,1.9,0.036000000000000004,10.0,119.0,0.9913,3.01,0.7,12.8,3,2
788,7.4,0.18,0.34,2.7,0.03,30.0,107.0,0.992,2.97,0.53,11.0,3,3
789,6.6,0.27,0.3,1.9,0.025,14.0,153.0,0.9928,3.29,0.62,10.5,3,3
790,6.1,0.25,0.48,15.8,0.052000000000000005,25.0,94.0,0.99782,3.07,0.45,9.2,3,3
791,6.5,0.19,0.1,1.3,0.046,23.0,107.0,0.9937,3.29,0.45,10.0,2,2
792,7.2,0.28,0.3,10.7,0.044000000000000004,61.0,222.0,0.9972,3.14,0.5,9.1,3,3
793,5.8,0.35,0.29,3.2,0.034,41.0,151.0,0.9912,3.35,0.58,11.6333333333333,4,4
794,5.9,0.28,0.34,3.6,0.04,50.0,194.0,0.9912,3.31,0.52,11.6,3,3
795,8.3,0.27,0.45,1.3,0.048,8.0,72.0,0.9944,3.08,0.61,10.3,1,2
796,6.1,0.28,0.16,1.3,0.06,36.0,126.0,0.9935299999999999,3.13,0.46,8.7,3,2
797,7.1,0.28,0.26,1.9,0.049,12.0,86.0,0.9934,3.15,0.38,9.4,2,2
798,7.3,0.27,0.37,9.7,0.042,36.0,130.0,0.9979,3.48,0.75,9.9,3,3
799,6.0,0.31,0.32,7.4,0.175,47.0,159.0,0.9952,3.19,0.5,9.4,3,2
800,6.0,0.24,0.27,1.9,0.048,40.0,170.0,0.9938,3.64,0.54,10.0,4,2
801,6.8,0.32,0.18,7.5,0.040999999999999995,71.0,223.0,0.9959,3.14,0.41,8.9,2,2
802,7.0,0.29,0.49,3.8,0.047,37.0,136.0,0.9938,2.95,0.4,9.4,3,2
803,6.6,0.32,0.22,16.7,0.046,38.0,133.0,0.9979,3.22,0.67,10.4,3,2
804,6.8,0.26,0.29,11.9,0.052000000000000005,54.0,160.0,0.99546,3.03,0.58,10.4,3,3
805,9.2,0.25,0.34,1.2,0.026000000000000002,31.0,93.0,0.9916,2.93,0.37,11.3,4,3
806,6.3,0.28,0.3,6.6,0.20800000000000002,60.0,154.0,0.9947799999999999,3.1,0.4,9.4,3,2
807,6.6,0.19,0.28,11.8,0.042,54.0,137.0,0.99492,3.18,0.37,10.8,3,3
808,6.8,0.63,0.04,1.3,0.057999999999999996,25.0,133.0,0.99271,3.17,0.39,10.2,1,1
809,7.2,0.26,0.3,2.1,0.033,50.0,158.0,0.9909,3.33,0.43,12.1,4,4
810,6.5,0.22,0.34,12.0,0.053,55.0,177.0,0.9983,3.52,0.44,9.9,3,2
811,5.7,0.15,0.28,3.7,0.045,57.0,151.0,0.9913,3.22,0.27,11.2,3,3
812,7.0,0.24,0.24,1.8,0.047,29.0,91.0,0.99251,3.3,0.43,9.9,3,3
813,7.1,0.24,0.34,1.2,0.045,6.0,132.0,0.9913200000000001,3.16,0.46,11.2,1,2
814,5.9,0.415,0.02,0.8,0.038,22.0,63.0,0.9932,3.36,0.36,9.3,2,2
815,8.0,0.26,0.28,8.2,0.038,72.0,202.0,0.99566,3.12,0.56,10.0,3,3
816,7.0,0.29,0.26,1.6,0.044000000000000004,12.0,87.0,0.9923,3.08,0.46,10.5,3,2
817,7.2,0.21,0.28,2.7,0.033,38.0,94.0,0.99075,2.99,0.43,11.8,4,3
818,7.5,0.29,0.26,14.95,0.067,47.0,178.0,0.9983799999999999,3.04,0.49,9.2,1,2
819,5.6,0.185,0.49,1.1,0.03,28.0,117.0,0.9918,3.55,0.45,10.3,3,3
820,5.8,0.28,0.27,2.6,0.054000000000000006,30.0,156.0,0.9914,3.53,0.42,12.4,2,3
821,6.6,0.26,0.27,1.5,0.04,19.0,114.0,0.99295,3.36,0.62,10.5,3,3
822,6.8,0.31,0.09,1.4,0.04,56.0,145.0,0.9922,3.19,0.46,10.0,2,2
823,7.2,0.26,0.44,7.1,0.027000000000000003,25.0,126.0,0.993,3.02,0.34,11.1,5,3
824,8.6,0.22,0.33,1.2,0.031,38.0,95.0,0.99239,2.83,0.31,10.3,2,2
825,8.6,0.18,0.28,0.8,0.032,25.0,78.0,0.9910399999999999,2.99,0.38,11.1,2,3
826,6.0,0.28,0.27,15.5,0.036000000000000004,31.0,134.0,0.99408,3.19,0.44,13.0,4,4
827,7.6,0.31,0.24,1.8,0.037000000000000005,39.0,150.0,0.9913,3.05,0.44,11.8,4,3
828,5.9,0.34,0.25,2.0,0.042,12.0,110.0,0.99034,3.02,0.54,11.4,3,3
829,5.9,0.21,0.31,1.8,0.033,45.0,142.0,0.9898399999999999,3.35,0.5,12.7,3,4
830,5.9,0.23,0.24,3.8,0.038,61.0,152.0,0.99139,3.31,0.5,11.3,4,4
831,7.1,0.12,0.32,9.6,0.054000000000000006,64.0,162.0,0.9962,3.4,0.41,9.4,2,3
832,7.5,0.305,0.4,18.9,0.059000000000000004,44.0,170.0,1.0,2.99,0.46,9.0,2,2
833,6.3,0.41,0.22,7.3,0.035,23.0,117.0,0.99172,3.2,0.39,11.94,4,3
834,7.3,0.17,0.24,8.1,0.121,32.0,162.0,0.99508,3.17,0.38,10.4,5,3
835,7.0,0.16,0.25,14.3,0.044000000000000004,27.0,149.0,0.998,2.91,0.46,9.2,3,3
836,5.8,0.36,0.5,1.0,0.127,63.0,178.0,0.9921200000000001,3.1,0.45,9.7,2,2
837,7.2,0.21,0.33,3.0,0.036000000000000004,35.0,132.0,0.9928,3.25,0.4,11.0,3,3
838,6.7,0.26,0.49,8.3,0.047,54.0,191.0,0.9954,3.23,0.4,10.3,3,3
839,7.3,0.19,0.27,13.9,0.057,45.0,155.0,0.9980700000000001,2.94,0.41,8.8,5,4
840,6.0,0.2,0.26,6.8,0.049,22.0,93.0,0.9928,3.15,0.42,11.0,3,3
841,7.6,0.3,0.4,2.2,0.054000000000000006,29.0,175.0,0.99445,3.19,0.53,9.8,2,2
842,7.4,0.28,0.36,1.1,0.027999999999999997,42.0,105.0,0.9893,2.99,0.39,12.4,4,3
843,7.2,0.21,0.31,10.5,0.035,36.0,122.0,0.9947799999999999,3.12,0.4,10.6,3,4
844,6.3,0.31,0.3,10.0,0.046,49.0,212.0,0.9962,3.74,0.55,11.9,3,3
845,6.1,0.34,0.21,5.0,0.042,17.0,133.0,0.9937299999999999,3.02,0.53,9.4,2,2
846,7.1,0.24,0.41,17.8,0.046,39.0,145.0,0.9998,3.32,0.39,8.7,2,2
847,6.7,0.19,0.36,1.1,0.026000000000000002,63.0,143.0,0.9912,3.27,0.48,11.0,3,4
848,7.1,0.21,0.31,3.8,0.021,40.0,142.0,0.99215,3.17,0.39,10.8,4,3
849,6.4,0.33,0.28,4.0,0.04,24.0,81.0,0.9903,3.26,0.64,12.6,4,4
850,7.5,0.3,0.71,1.3,0.16,44.0,149.0,0.9948,3.08,0.42,8.9,2,3
851,7.2,0.58,0.27,5.8,0.032,40.0,118.0,0.9908799999999999,3.17,0.53,13.0,4,4
852,6.7,0.16,0.32,12.5,0.035,18.0,156.0,0.99666,2.88,0.36,9.0,3,3
853,6.9,0.3,0.3,1.3,0.053,24.0,186.0,0.99361,3.29,0.54,9.9,1,2
854,6.9,0.24,0.33,1.7,0.035,47.0,136.0,0.99,3.26,0.4,12.6,4,4
855,6.2,0.35,0.2,18.1,0.069,33.0,158.0,0.99908,3.15,0.5,8.8,3,2
856,6.2,0.25,0.28,8.5,0.035,28.0,108.0,0.9948600000000001,3.4,0.42,10.4,3,3
857,6.7,0.31,0.18,7.7,0.043,57.0,200.0,0.99566,3.17,0.44,9.4,3,2
858,6.8,0.34,0.69,1.3,0.057999999999999996,12.0,171.0,0.9931,3.06,0.47,9.7,2,2
859,6.0,0.2,0.25,2.0,0.040999999999999995,30.0,95.0,0.9907799999999999,3.27,0.56,11.1,3,3
860,8.4,0.19,0.43,2.1,0.052000000000000005,20.0,104.0,0.9940000000000001,2.85,0.46,9.5,2,2
861,7.6,0.31,0.29,10.5,0.04,21.0,145.0,0.9966,3.04,0.35,9.4,2,2
862,7.2,0.27,0.31,1.2,0.031,27.0,80.0,0.98892,3.03,0.33,12.7,3,3
863,6.7,0.26,0.29,7.7,0.038,40.0,179.0,0.99479,3.23,0.56,10.4,3,3
864,7.0,0.39,0.24,1.0,0.048,8.0,119.0,0.9923,3.0,0.31,10.1,1,2
865,5.8,0.32,0.38,4.75,0.033,23.0,94.0,0.991,3.42,0.42,11.8,4,4
866,6.2,0.23,0.36,17.2,0.039,37.0,130.0,0.99946,3.23,0.43,8.8,3,3
867,7.3,0.43,0.37,4.6,0.027999999999999997,17.0,114.0,0.991,3.23,0.43,13.2,3,4
868,5.4,0.53,0.16,2.7,0.036000000000000004,34.0,128.0,0.98856,3.2,0.53,13.2,5,4
869,7.3,0.24,0.3,2.5,0.042,31.0,104.0,0.9911,3.05,0.56,11.3,4,3
870,6.5,0.24,0.38,1.0,0.027000000000000003,31.0,90.0,0.98926,3.24,0.36,12.3,3,3
871,5.9,0.29,0.16,7.9,0.044000000000000004,48.0,197.0,0.9951200000000001,3.21,0.36,9.4,2,2
872,7.2,0.19,0.39,1.2,0.036000000000000004,32.0,85.0,0.9918,3.16,0.5,10.5,2,3
873,6.6,0.23,0.2,11.4,0.044000000000000004,45.0,131.0,0.9960399999999999,2.96,0.51,9.7,3,3
874,7.8,0.21,0.49,1.35,0.052000000000000005,6.0,48.0,0.9911,3.15,0.28,11.4,2,3
875,7.1,0.29,0.3,16.0,0.036000000000000004,58.0,201.0,0.99954,3.3,0.67,9.0,2,2
876,6.9,0.25,0.47,8.4,0.042,36.0,156.0,0.9960399999999999,3.15,0.55,9.4,3,2
877,6.8,0.46,0.26,6.3,0.147,49.0,159.0,0.99434,3.14,0.47,10.0,2,2
878,7.9,0.25,0.35,6.7,0.039,22.0,64.0,0.9936200000000001,2.93,0.49,10.7,2,3
879,6.3,0.19,0.28,1.8,0.022000000000000002,28.0,158.0,0.9907,3.2,0.64,11.4,3,3
880,6.8,0.35,0.44,6.5,0.055999999999999994,31.0,161.0,0.9952,3.14,0.44,9.5,2,2
881,8.4,0.2,0.38,11.8,0.055,51.0,170.0,1.0004,3.34,0.82,8.9,3,3
882,7.5,0.38,0.5,12.8,0.042,57.0,184.0,0.9984,3.09,0.46,9.0,3,2
883,8.1,0.31,0.24,1.6,0.032,10.0,67.0,0.9924,3.08,0.47,10.5,2,2
884,9.8,0.25,0.74,10.0,0.055999999999999994,36.0,225.0,0.9977,3.06,0.43,10.0,1,2
885,6.8,0.26,0.44,8.2,0.046,52.0,183.0,0.99584,3.2,0.51,9.4,2,2
886,8.0,0.34,0.25,6.4,0.035,38.0,103.0,0.9914799999999999,2.91,0.23,12.2,3,3
887,7.3,0.18,0.29,1.0,0.036000000000000004,26.0,101.0,0.99,3.09,0.37,11.7,3,3
888,6.5,0.2,0.33,1.5,0.039,36.0,110.0,0.99008,3.22,0.65,12.0,3,4
889,7.6,0.18,0.28,7.1,0.040999999999999995,29.0,110.0,0.9965200000000001,3.2,0.42,9.2,3,3
890,6.2,0.23,0.36,17.2,0.039,37.0,130.0,0.99946,3.23,0.43,8.8,3,3
891,8.0,0.44,0.49,9.1,0.031,46.0,151.0,0.9926,3.16,0.27,12.7,5,3
892,6.7,0.41,0.01,2.8,0.048,39.0,137.0,0.9942,3.24,0.35,9.5,2,2
893,6.3,0.26,0.42,7.1,0.045,62.0,209.0,0.99544,3.2,0.53,9.5,3,2
894,6.4,0.28,0.43,7.1,0.045,60.0,221.0,0.9952,3.09,0.45,9.4,3,2
895,6.6,0.33,0.4,2.65,0.040999999999999995,35.0,86.0,0.98916,3.11,0.39,13.3,4,3
896,6.4,0.27,0.29,10.8,0.027999999999999997,17.0,118.0,0.99356,3.18,0.37,11.2,3,4
897,6.0,0.25,0.4,5.7,0.052000000000000005,56.0,152.0,0.99398,3.16,0.88,10.5,3,3
898,6.8,0.25,0.29,2.0,0.042,19.0,189.0,0.9952,3.46,0.54,10.2,3,2
899,6.8,0.19,0.4,9.85,0.055,41.0,103.0,0.9953200000000001,2.98,0.56,10.5,3,3
900,7.3,0.51,0.26,3.3,0.09,7.0,135.0,0.9944,3.01,0.52,8.8,2,1
901,6.3,0.17,0.42,2.8,0.027999999999999997,45.0,107.0,0.9908,3.27,0.43,11.8,3,3
902,6.8,0.18,0.3,12.8,0.062,19.0,171.0,0.99808,3.0,0.52,9.0,4,4
903,8.0,0.27,0.25,19.1,0.045,50.0,208.0,1.00051,3.05,0.5,9.2,3,3
904,7.1,0.36,0.37,4.8,0.019,39.0,114.0,0.99036,3.08,0.49,12.7,4,4
905,6.5,0.26,0.32,6.65,0.059000000000000004,34.0,104.0,0.99254,3.18,0.42,11.1,2,3
906,6.6,0.39,0.22,4.0,0.038,17.0,98.0,0.99018,3.25,0.53,13.0,4,4
907,6.4,0.34,0.44,8.2,0.043,54.0,201.0,0.99551,3.18,0.48,9.5,2,2
908,5.3,0.585,0.07,7.1,0.044000000000000004,34.0,145.0,0.9945,3.34,0.57,9.7,3,2
909,6.4,0.36,0.2,5.7,0.11800000000000001,61.0,172.0,0.9946,3.24,0.43,9.5,3,2
910,5.8,0.31,0.33,1.2,0.036000000000000004,23.0,99.0,0.9916,3.18,0.6,10.5,3,3
911,7.0,0.32,0.35,1.5,0.039,24.0,125.0,0.9918,3.17,0.64,12.2,3,3
912,6.5,0.18,0.33,1.4,0.028999999999999998,35.0,138.0,0.9911399999999999,3.36,0.6,11.5,4,4
913,7.6,0.16,0.44,1.4,0.043,25.0,109.0,0.9932,3.11,0.75,10.3,3,3
914,6.9,0.2,0.41,1.1,0.06,36.0,104.0,0.9931700000000001,2.99,0.39,9.2,2,3
915,6.4,0.24,0.5,11.6,0.047,60.0,211.0,0.9966,3.18,0.57,9.3,2,2
916,7.4,0.3,0.22,5.25,0.053,33.0,180.0,0.9926,3.13,0.45,11.6,3,3
917,6.6,0.325,0.49,7.7,0.049,53.0,217.0,0.996,3.16,0.4,9.3,2,2
918,8.6,0.26,0.41,2.2,0.049,29.0,111.0,0.9941,2.96,0.44,10.0,2,2
919,7.1,0.3,0.36,6.8,0.055,44.5,234.0,0.9972,3.49,0.64,10.2,3,3
920,7.3,0.42,0.38,6.8,0.045,29.0,122.0,0.9925,3.19,0.37,12.6,4,4
921,5.5,0.32,0.45,4.9,0.027999999999999997,25.0,191.0,0.9922,3.51,0.49,11.5,4,3
922,7.9,0.345,0.51,15.3,0.047,54.0,171.0,0.9987,3.09,0.51,9.1,2,2
923,6.0,0.2,0.26,1.1,0.033,38.0,67.0,0.98954,3.14,0.38,11.5,3,3
924,6.6,0.17,0.28,1.8,0.042,62.0,178.0,0.9920399999999999,3.15,0.42,10.2,2,3
925,8.4,0.58,0.27,12.15,0.033,37.0,116.0,0.9959,2.99,0.39,10.8,3,3
926,6.8,0.14,0.18,1.4,0.047,30.0,90.0,0.99164,3.27,0.54,11.2,3,3
927,6.9,0.4,0.22,5.95,0.081,76.0,303.0,0.99705,3.4,0.57,9.4,2,1
928,6.4,0.3,0.16,7.5,0.05,55.0,191.0,0.9959,3.17,0.49,9.0,2,2
929,6.7,0.19,0.39,1.0,0.032,14.0,71.0,0.9891200000000001,3.31,0.38,13.0,4,3
930,6.6,0.26,0.24,7.2,0.038,28.0,137.0,0.9952,3.35,0.6,10.4,3,3
931,5.9,0.22,0.29,4.2,0.037000000000000005,69.0,144.0,0.9921399999999999,3.13,0.74,10.8,4,4
932,6.5,0.34,0.46,1.0,0.023,6.0,80.0,0.98865,3.15,0.54,12.9,3,3
933,8.0,0.22,0.32,10.4,0.043,63.0,201.0,0.997,3.11,0.53,9.5,3,3
934,6.7,0.17,0.27,1.4,0.032,39.0,149.0,0.99254,3.4,0.52,10.5,2,4
935,7.3,0.3,0.34,2.7,0.044000000000000004,34.0,108.0,0.99105,3.36,0.53,12.8,5,4
936,7.2,0.47,0.16,5.9,0.048,14.0,125.0,0.9942799999999999,3.09,0.49,9.8,2,2
937,5.8,0.28,0.34,4.0,0.031,40.0,99.0,0.9896,3.39,0.39,12.8,4,4
938,6.8,0.37,0.67,1.5,0.175,16.0,98.0,0.99244,3.06,0.56,10.3,3,2
939,6.1,0.36,0.26,8.15,0.035,14.0,88.0,0.99031,3.06,0.27,13.0,4,3
940,6.9,0.56,0.26,10.9,0.06,55.0,193.0,0.9969,3.21,0.44,9.4,2,2
941,7.0,0.31,0.35,1.6,0.063,13.0,119.0,0.9918399999999999,3.22,0.5,10.7,2,2
942,6.2,0.2,0.31,1.0,0.031,22.0,73.0,0.99035,3.24,0.52,11.3,3,3
943,5.1,0.165,0.22,5.7,0.047,42.0,146.0,0.9934,3.18,0.55,9.9,3,3
944,6.3,0.39,0.35,5.9,0.04,82.5,260.0,0.9941,3.12,0.66,10.1,2,2
945,7.1,0.17,0.43,1.3,0.023,33.0,132.0,0.99067,3.11,0.56,11.7,3,3
946,5.8,0.15,0.28,0.8,0.037000000000000005,43.0,127.0,0.99198,3.24,0.51,9.3,2,3
947,6.0,0.27,0.28,4.8,0.063,31.0,201.0,0.9964,3.69,0.71,10.0,2,1
948,6.1,0.17,0.42,15.1,0.033,28.0,124.0,0.99684,2.87,0.47,9.5,2,3
949,6.4,0.27,0.32,4.5,0.24,61.0,174.0,0.9948,3.12,0.48,9.4,2,2
950,6.4,0.13,0.28,0.9,0.045,32.0,87.0,0.99175,3.47,0.52,11.2,3,3
951,9.1,0.27,0.45,10.6,0.035,28.0,124.0,0.997,3.2,0.46,10.4,6,2
952,5.1,0.35,0.26,6.8,0.034,36.0,120.0,0.9918799999999999,3.38,0.4,11.5,3,3
953,7.4,0.19,0.31,14.5,0.045,39.0,193.0,0.9986,3.1,0.5,9.2,3,4
954,6.0,0.26,0.29,3.1,0.040999999999999995,37.0,144.0,0.98944,3.22,0.39,12.8,4,4
955,7.2,0.19,0.31,1.4,0.046,37.0,135.0,0.9939,3.34,0.57,10.2,4,4
956,6.2,0.36,0.14,8.9,0.036000000000000004,38.0,155.0,0.9962200000000001,3.27,0.5,9.4,2,2
957,5.7,0.33,0.32,1.4,0.043,28.0,93.0,0.9897,3.31,0.5,12.3,3,4
958,7.3,0.36,0.34,14.8,0.057,46.0,173.0,0.99751,3.14,0.57,10.2,2,2
959,6.8,0.17,0.36,1.4,0.036000000000000004,38.0,108.0,0.99006,3.19,0.66,12.0,3,4
960,6.0,0.27,0.3,14.7,0.044000000000000004,15.0,144.0,0.99666,3.12,0.53,10.3,3,3
961,6.6,0.23,0.37,8.5,0.036000000000000004,46.0,153.0,0.9957600000000001,3.2,0.48,9.4,3,2
962,6.5,0.28,0.35,9.8,0.067,61.0,180.0,0.9972,3.15,0.57,9.0,1,2
963,6.6,0.32,0.36,8.0,0.047,57.0,168.0,0.9949,3.15,0.46,9.6,2,2
964,5.7,0.18,0.22,4.2,0.042,25.0,111.0,0.9940000000000001,3.35,0.39,9.4,2,2
965,7.0,0.13,0.37,12.85,0.042,36.0,105.0,0.9958100000000001,3.05,0.55,10.7,3,4
966,7.8,0.22,0.36,1.4,0.055999999999999994,21.0,153.0,0.993,3.2,0.53,10.4,3,2
967,7.5,0.26,0.31,1.6,0.032,36.0,109.0,0.99044,2.97,0.43,11.9,3,3
968,5.8,0.24,0.28,1.4,0.038,40.0,76.0,0.98711,3.1,0.29,13.9,4,3
969,6.1,0.36,0.41,19.35,0.07,67.0,207.0,1.00118,3.39,0.53,9.1,2,2
970,7.7,0.4,0.27,4.5,0.034,27.0,95.0,0.99175,3.21,0.59,12.3,5,4
971,6.0,0.44,0.26,3.1,0.053,57.0,128.0,0.98982,3.22,0.39,12.7,3,3
972,6.0,0.19,0.29,1.1,0.047,67.0,152.0,0.9916,3.54,0.59,11.1,4,4
973,7.9,0.19,0.45,1.5,0.045,17.0,96.0,0.9917,3.13,0.39,11.0,3,3
974,6.6,0.19,0.28,1.1,0.044000000000000004,38.0,100.0,0.9904,3.22,0.69,11.2,3,4
975,6.6,0.22,0.58,1.1,0.133,52.0,136.0,0.9932,3.1,0.3,9.1,2,3
976,7.2,0.24,0.4,1.4,0.045,31.0,106.0,0.9914,2.88,0.38,10.8,3,3
977,6.8,0.18,0.32,7.2,0.047,17.0,109.0,0.99498,3.42,0.44,10.4,3,3
978,6.2,0.22,0.3,12.4,0.054000000000000006,108.0,152.0,0.9972799999999999,3.1,0.47,9.5,3,3
979,6.8,0.15,0.32,8.8,0.057999999999999996,24.0,110.0,0.9972,3.4,0.4,8.8,3,3
